ASIN,主关键词覆盖数量,标题长度,五点描述,图片总数,A+内容,备注
B0DJDJQFJL,,,,,,
B0D4YJ9875,,,,,,
B0CXDDQS9S,,,,,,
B0CX518JYQ,,,,,,
B0CVXGKNV7,,,,,,
B0CV276VQL,,,,,,
B0CSCWBLFG,,,,,,
B0CRPHNZ8F,,,,,,
B0CQC5BVKL,,,,,,
B0CPN5P5RR,,,,,,
B0CNX7B1VR,,,,,,
B0CNQ3Q7PG,,,,,,
B0CHPK193D,,,,,,
B0CHJY26H8,,,,,,
B0C9PJH2CT,,,,,,
B0C9M41PQM,,,,,,
B0C6CF9CDX,,,,,,
B0C5S8VB2K,,,,,,
B0C55PGK98,,,,,,
B0BZSCS613,,,,,,
B0BK8GV9WV,,,,,,
B0BHTS3PGB,,,,,,
B0BHP4RM3K,,,,,,
B0BCH164R4,,,,,,
B0B88BDC6F,,,,,,
B0B62YJRK3,,,,,,
B0B35ZPXXW,,,,,,
B09ZNY8VNQ,,,,,,
B09VFQVNBH,,,,,,
B09QHV8Q7H,,,,,,
B09QG82QCF,,,,,,
B09Q4GWMZQ,,,,,,
B09FKQ936M,,,,,,
B09F2J4SX1,,,,,,
B09B2GRLN4,,,,,,
B098WQTV3Y,,,,,,
B098KBRLH5,,,,,,
B097BSKN9P,,,,,,
B091ZFL4X5,,,,,,
B08X44GGBQ,,,,,,
B08FMM86JN,,,,,,
B08FDPW8KR,,,,,,
B084Y3DLFJ,,,,,,
B083C4TBT5,,,,,,
B081QWJSYP,,,,,,
B081CHLF46,,,,,,
B07YWCVKFH,,,,,,
B07Q33K1G4,,,,,,
B07C5CV85P,,,,,,
B073C95WTN,,,,,,
B071SGMQ7V,,,,,,
B018D3WW6A,,,,,,
B0153PUYX4,,,,,,
B014E2D6BY,,,,,,