,Occurrences
B07GBFT6Z3,105
B0CDRDK6MR,102
B09LQJBCT7,59
B0CGZS5129,52
B07R56J5PW,49
B074XPNS3Z,49
B0BZXNSW5K,44
B0CQQLYD3W,42
B09MQ5L5N9,42
B091ZFL4X5,38
B000QTUJXS,38
B01DTFF0Y8,37
B0CFXFBG4L,37
B07SM61FCT,36
B07T2S93Z8,34
B09WZWWT8S,34
1081439793,33
B0CWNVV16D,33
B09ZRT5QPG,32
B0BWJRJYS7,31
B0925LXDSG,31
B08YWP5QRF,30
B0CN11479K,30
B0CG3Q4H5Q,29
B091Q17CGW,29
B0B7BP6CJN,28
B0CRMZ9PFR,28
B07DL7ZV31,27
B08Q2Y9GQS,26
B0C1NJSCRD,26
B09NC1VGTW,26
B0CST6LXY7,25
B09BVR2Q9N,25
B09YCVYCQ2,24
B09319MZJN,24
B0DDX8MYKQ,24
B0BPLB81LX,24
B08YQRPYPS,23
B0BQ2TZ1NV,23
B07D29P5Z1,22
B09JNRXJD6,22
B0CKV9Q88Q,21
B0BYSQPLJN,21
B0CYLMZYD6,21
B09D36P18V,21
B077GWL4T2,20
B0CKXC86CJ,19
B07W554ZNB,19
B0CTJGJL2T,19
B07DQCJ84X,19
B0CV7Z3MLD,18
B0CGLRZG9M,18
B00I4HV3TS,18
B0CHMDT2FM,17
B0CFLP9T77,17
B0BYNDWHJ3,17
B0BZ53N7RL,17
B0C68RBNYL,16
B09RN1ZH6L,16
B07L5QGF38,16
1452164894,15
B0C9PF1KKJ,15
B000X457HO,14
B0BGSG7C5P,14
B07Y2BP7F2,14
B0CGTJRVGK,14
B09GFSN4HW,14
B0BRMX3SWH,14
B0BG46KCCH,14
B07G142F9Z,14
B09BDG5RP3,13
B07TGBX8RW,13
B0CG65PYBV,13
B0BHVP949X,13
B0BXY61MQT,13
B0BWJG1DGS,13
B0CS3VC7X2,13
B0B1X5GF89,13
B09QPGH1L3,13
B07VCR8Y42,13
B0BX92ZT75,12
B0C7QZP3CS,12
B000JDGC78,12
B0B8D2K76V,12
B0C1NLHLDT,12
B0BN9XZJY4,12
B07C5MSTFP,12
B07Z5NQPDS,12
B0CR7CHX5Y,12
B07GV56HH8,11
B0CFGYFCYL,11
B0B8D76XQG,11
B08GC1G4Y9,11
B0CG8MNCYS,11
B0CGL8DBS9,11
B0B1TGKYBV,11
B0BB4JLLR7,11
B0C2MHG632,11
B0CZ3JSJNQ,11
B0D5VS1V8V,11
B0C2Y3T5LN,11
B07PBHFLKK,11
B08CXGRPL3,11
B0CFXJHYYV,11
B0C9ZHWC9K,10
B0CHYWN5W6,10
B00N3L2DMG,10
B07HGQ9QF5,10
B08Z36X6B4,10
B08X94JGJ1,10
B0CD59K7PX,10
B0BJYCRS51,10
B0CLDN4BRM,10
B08GLLDSNQ,10
B0BV6YJQ6D,10
B0C5LRR1ZY,10
B0CBJMBLWS,10
B0C7K6HG74,10
B0B4HKNDLQ,10
B0C27FG8L9,10
B0BZ7ZDVRW,10
B09ZXJDSL5,10
B0CYY5MDYF,9
B08R8YVH9G,9
B0B7VM5NC7,9
B007E4WUEO,9
B0C7R25898,9
B0BX6B67T8,9
B0CNZXX1QG,9
B00NA83RYU,9
B08Q7DCKB6,9
B0BWFJNBYQ,9
B0C4262S28,9
B0CST11D1Z,9
B07F9VM5KP,8
B0BWJ7W36N,8
B0BWJDGJMM,8
B07NY5KKQD,8
B07SM6G1PD,8
1095976087,8
B08R7T4ZHS,8
B0C66K596L,8
B0CQQ97DYV,8
B0C9SMX2VP,8
B001GXPZEQ,8
B0BRKPVZB4,8
B0BZSLRCXK,8
B0DG52MRL4,8
B0CJZF9XZZ,8
B0045SKUS0,8
B0D5YQSJZ2,8
B0C2TR35LT,8
B0D22HLXWG,8
B0CT8JSCJW,8
B0CJT1F4SR,8
B07X7H7C7V,8
B0D7D3WG2N,8
B07P8395DZ,8
B08YMTMFJ4,8
B0CGXDP73D,8
1601066902,8
B0DDT1LP4T,8
B08PNP2LNL,8
B0CJ56M8D4,8
B0BY8Z72BJ,7
B07KRY43KN,7
B091YKMS28,7
B0BXWQHYVQ,7
B0BX8B5Y9W,7
B07DN39C5J,7
B07BNVYVM2,7
B0CDLP9SQ3,7
B0D5GF7PMV,7
B0D2DKG2TJ,7
B07X8R8P73,7
B07S651GSW,7
B0D2WS9YFJ,7
B012E36JZ0,7
B08XJQ3KF1,7
B07GFRLJ9C,7
B0D4DJ5TYP,7
B0C4KDHN3M,7
B07C5HVQSL,7
B07HJB8LMD,7
B07DPCKBB1,7
B09H5JZC97,7
B0C6L1P8JV,7
B07Q128V6W,7
B09KXJD73G,7
B0D8KWXKYH,7
B0BFQX3YFY,7
B0778X7GNL,7
B0D5YNHXQ7,7
B074N4XPYZ,7
B09F9B3BCY,7
B0CNK7BZ6M,7
B0C1SM5V6Z,7
B0D3PNBMMS,7
B0CQK613S1,6
B0BXCYHTGN,6
B08J6NQMQ5,6
B0CW6B5HS9,6
B09G67DKXV,6
B0BXXFPK2D,6
B0BR367Z32,6
B07CVGRQ8D,6
B0BN51YQ5X,6
B09VQS13YP,6
B0CST6QYBZ,6
B0BYJHR6LD,6
B0BN3KYY2S,6
B0CBDRY6CV,6
B09NQ4NRZ2,6
B08MZDG5YD,6
B0BBBG4QMF,6
B096XYXY5H,6
B09QF9K7J3,6
B000068UG6,6
B08DFLJL24,6
B0C3714GZ7,6
B0BRNZ6FSW,6
B0BQ3FYXRY,6
B0BF4KT6CV,6
B0CX144DHK,6
B00PY05VMS,6
B0754MHLJP,6
B085VYLRFQ,6
B0CHRFTJ82,6
B0C4SZBN64,6
B08VD26L2F,6
B08TRF4SMP,6
B095KC38LG,6
B0CH9TWC91,6
B09833TQPB,6
B074KFP426,6
B09BDGQYW5,6
B07F31FSC6,6
B0BKVN3W44,5
B0BBH5ZDP4,5
B089D3Q24T,5
B09TW285ND,5
B0B27WGC8Q,5
B083X648R2,5
B07JN5467R,5
B0CK1BK9V2,5
B082Y6LZBV,5
B0BX5V62ZY,5
B08T24ZW3P,5
B0CJ2NQRWM,5
B0CC5Q5QRR,5
B0C7KJH33V,5
B0D5Y887YP,5
B0C4JTPPYY,5
1943200106,5
B0872Y3HJC,5
B0761Q3C7C,5
B0BBBZ3MNP,5
B0DCSJ6S5F,5
B0C27GJZ4S,5
B0DFPBXK1L,5
B09R8TW6VX,5
B08CXRZDQ9,5
B0CQJZVPVZ,5
B00RE0M1O2,5
B0D62TFQF1,5
B0CJBGQ4JS,5
B08F29WY44,5
B000CQX62G,5
B0CF1KKQ7D,5
B000LWRZNM,5
B0CPPVH7KF,5
B08XZ3HWF3,5
B0CFLS7VHR,5
B09TDC6XJL,5
B08NV8RWYC,5
B0CF9TL3V8,5
B0D8H1VDV2,5
B01ELWWX98,5
B09Z7YWHRY,5
B09B2SBHQK,5
B07NPGMDW8,5
B075P7R3VN,5
B0C9Z6PM13,5
B0C5D5Y3KD,5
B002U17C30,5
B09VZ11WHK,5
B0CKYPK8ZK,5
B0026T9IS8,5
B07569X4LJ,5
B07SM1HD8Y,5
B01LLSNG1E,5
B0BBVXRZ3F,5
B00H222584,5
B0DFCTWQDW,5
1070527718,5
B004D9XYWU,5
B0CHLZ8BT2,5
B0CT274BX5,5
B0CBN6PL3Z,5
B0CCYCBRSK,5
B0D9K9B321,5
B0CYCLJDST,5
B0BSKQW2T2,5
B09XB3CMC6,5
B08HN72HS8,5
B0BRQGZL84,5
B0CYM8D2DK,5
B07P8ZJXW7,5
B09RPKGVDW,5
B07RWP481J,5
B0BBCHQJSN,5
B0B24QJ217,5
B07KF2J8BR,5
B0019IBD3U,5
B0D2XPS71F,5
B092C61YW7,5
B0C6T261NZ,5
B0CHB2G96S,5
B09HRB71DM,5
B086P8YGYW,4
B07DLWSP4G,4
B0BH45SNRM,4
B0855FXYR1,4
B0BZP6PZWL,4
B08Z79MYXH,4
B0CQSJRPXF,4
B07ZR8RRX5,4
B0BW5CGNFM,4
B07PY7GLKV,4
B0D8PLLHPQ,4
B08B3V4V2L,4
B0B6V5KJF6,4
B0D4DJ6BRR,4
B09ZL8BWDF,4
B08JTLHRV7,4
B0BXFS3HW9,4
B07GH691SQ,4
B08SCHZB81,4
B0CXP78TTW,4
B0D985QHLM,4
B002LZUE76,4
B07CT4QCBK,4
B08XTXM2HS,4
B0BV41V4XZ,4
B0C6TTZ5MC,4
B081MSDXBM,4
B0BN8FXD7D,4
B0C72Q2D7C,4
B07BB5FDS2,4
B0CSCTN54C,4
B00SMJIYNG,4
B0D5CFGK3G,4
B08LH3JD79,4
B0C5SZCC35,4
B0CDWRSTT8,4
B0BR5JHB3Z,4
B01AUVJXWY,4
B0D12JQHZF,4
B00CM5TWGO,4
B0CD2LRVP5,4
B08T729R75,4
B09MD68NM8,4
B0B66HD4PW,4
B09DP3HK1H,4
B0CJYN69ZY,4
B076ZRC5ZV,4
B008XMKHCS,4
B0C9M41PQM,4
B0D47635YX,4
B01E4LWBLQ,4
B0CF9K1NJM,4
B0BCWCLJ4R,4
B07XC66L3G,4
B0D9N8Y3WL,4
B0BWHJ1FNK,4
B0C4KD334W,4
B07J5VL8CG,4
B0BCJY353X,4
B0C2VFD6X6,4
B0CBJH2PFY,4
B0BYF97FCM,4
B0CKBKSDYP,4
B09VCCD18H,4
B08PB8ZTK1,4
B0BJV12BSF,4
B0DCNDVTD1,4
B0BLSM37FJ,4
B07SPKC554,4
B0BGRPQVMJ,4
B0BLRBXBX5,4
B07XSLY1HD,4
B0BZ9S2SQ5,4
B0CPFQBJ2N,4
B06XDYR97S,4
B0D2RNVW2R,4
B0DBZYNTDS,4
1728235847,4
B0BHFCR4WB,4
B0D4M576B7,4
B0D45SHGHT,4
B09B1C9LC2,4
B0CKSRQVYJ,4
B0D926VTC7,4
B0BJZP3LH4,4
B0BGLR14SG,4
B0B8GVVR1B,4
B088BXDJPZ,4
B09Q89WNC8,4
B094V1M348,4
B09WNK39JN,4
B087CBJ465,4
B0CZ9DDMKP,4
B08SQZR3NY,4
B08RNGR7NM,4
B0CNGK5WT2,4
B0B8XMGKJR,4
B09MY4DVFS,4
B0BG9R5M3D,4
B0CN92RJHQ,4
B0C1WPL1YN,4
B08J5HLXRD,4
B01N0RSCBI,4
B0BGLL9WH6,4
B01JTSPA1C,4
B09LQL5RBD,3
B0B18BFNX9,3
B09JKLH1DL,3
B0C2771TLS,3
B08ZHLZ628,3
B0BHSW6NWB,3
B07CLG64HS,3
B000ORX6WI,3
B0995M1JW7,3
B0081BE3E4,3
B0C7ZQWQ7T,3
B0010TEFFQ,3
B0D9PWC67V,3
B094JC2QHF,3
B0CBFNTLR6,3
B0CGX3ZGBK,3
B099WTN2TR,3
B0BG761237,3
B0CXJ9338V,3
B0D3QHZ8FJ,3
B08SVQ9D49,3
B0CLGNHN8Y,3
B0C3XHFYVC,3
B0CKM4Z5NW,3
B0BL8BGJXG,3
B0CS66YDVG,3
B01ANKP6D2,3
B0B5GKG5YX,3
B08P94MCZQ,3
B0CXFBD5R5,3
B01FDEO5SK,3
B08ZY9QZMN,3
B0BV6YWZVQ,3
B098KG23M7,3
B0BBF3G7XZ,3
B08573DQ39,3
B0BRQBVKBB,3
B01DCIKFNI,3
B0DGKDVLGS,3
B0DBQP8QLH,3
B0BZPH17TR,3
B08BG6BQ59,3
B09LRK8WLJ,3
1601065655,3
B07T73WZS6,3
B07W65KFG6,3
B07Y2DYWJ9,3
B0BRSGRGBG,3
B0D8PQT5WJ,3
B088K1C694,3
B0BYSVGS2Q,3
B089GSKKLQ,3
B09TK1MTCV,3
B004R1J464,3
B0C7V67VVV,3
B0B2RC15TS,3
B0C5H71DWY,3
B0D9QDKM59,3
B0C31KJZYT,3
B08YH1NDGG,3
B0CHN15LWF,3
B07MGQW9P4,3
B08PFQNRWQ,3
B09N6ZQB54,3
B0D1FSNSHD,3
B00W40XV8C,3
B07L3TT4TQ,3
B0D5Y72BBT,3
B09BZVLR64,3
B09J2L3JXW,3
B07CT6DYFG,3
B097GFT591,3
B01LYTW60X,3
B0CX12CJGX,3
B0CRDLLVLK,3
B0C2PS76FG,3
B07VR196PK,3
B0CBHPT1N6,3
B0026SY6EA,3
B082DM7B84,3
B01N22CM3F,3
B0771S9XT8,3
B0C7TL9JSB,3
B091DN26MQ,3
B08F5BNWBR,3
B0BWTP1H5K,3
B01CI42HEM,3
1633537528,3
B0DBLSQDG6,3
B0C3VD2GDV,3
B0CYP5L66N,3
B07PR467S5,3
B0DFYHXQ48,3
B07HKFHM5B,3
B0BG1VJYRM,3
B088BJ8B1G,3
B0CLV8NM2W,3
B085NDYY1P,3
B09KGVJNRW,3
B08ZH3QQ3H,3
B0BGR9H9CF,3
B0BVVF94WM,3
B01HTQQF2Y,3
B088FK1D4Y,3
B0BXLBVFQY,3
B07WR9P1F8,3
B08T1XYNG9,3
B0CTMN8NK3,3
B01N9Y6077,3
B0077AM71Q,3
B0B7W7YPYJ,3
B0BQ99QF5W,3
B09JF2LVD9,3
B08Q3K4L9H,3
B0CZ3FGGMW,3
B0CJR8949L,3
B074PN1536,3
B0CHY3G966,3
B09FZ4DHMP,3
B0CHDW17DK,3
B0BLXFT72M,3
B07G977481,3
B09MLP27XH,3
B0BVQBQBPQ,3
B0BFHXRG1F,3
B0CDL3V8L8,3
B097K294LR,3
B0CMCX57ZS,3
B0C53VFHXW,3
B0D5HNCGQQ,3
B0CJ59Y9PZ,3
B0CY4SF171,3
B07K7H5J2Z,3
B09BDFXNQX,3
B0CQT3G39G,3
B0C3J5QX96,3
B0CH8G5KZK,3
B0CWR4Z4C3,3
B0B3SSFF7Y,3
B0CPT8QVPF,3
B08CVC1F7P,3
B07L5TNBGL,3
B07G2M4WQ5,3
B08LYS9GH8,3
B07M6K14GG,3
B0B4X5SLKC,3
B0B3R4RVLB,3
B0BDRSG2BT,3
B0BJVKWLZM,3
B0DJXWHN33,3
B0777WDF57,3
B091YHY2CF,3
B0CC98RMFT,3
B0C4DGFFCM,3
B07MJL1ZS3,3
B09F2J4SX1,3
B00KDHJBAK,3
B09GZML7HQ,3
B0CVXD849W,3
B0D83RQB7T,3
B0D4215HCX,3
B09DM9NNP6,3
B08HHR55W5,3
B097QPND5Z,3
B0DCG81DD4,3
B0D6FQXWLD,3
B0CC2PB9WC,3
B0007ZF4OA,3
B0DB25WH5Z,3
B07FJMQR99,3
B09N1DSMCS,3
B0D6BCTDCP,3
B0BQY22Q88,3
B075D9G69J,3
B099596F3B,3
B0CNS58KGV,3
B0CGXSKGXL,3
B01HRD18J4,3
B09VTJRGBJ,3
B06XCTP65H,3
B0BXKGHQZT,3
B000WUFVR0,3
B0CT3MHHF9,3
B09KTPL1F3,3
B08PDN9WL4,3
B096JWWQMC,3
B016ISN2GG,3
1712986856,3
B0DFGGMYR7,3
B0CYBXS2QD,3
B0CJR7T11K,2
B0CJBJ11YH,2
B07DCRVBYX,2
B07DLQR4KN,2
B009FBVC98,2
B08ZYK5MMJ,2
B08FDCTF5X,2
B09G74PT1J,2
B08T982VVD,2
B0843J5NPR,2
B0CTGGD2FK,2
B0DFY8NSDF,2
B08X6LYL5V,2
B0BR41SJYD,2
B0DDBPS3SJ,2
B0DD3VWVS7,2
B00BRA172W,2
B09CXNJHVQ,2
B0D28TRJZR,2
B0C8SZSZNC,2
B0CBTFBBQ8,2
B08ZK5WDWN,2
B0C7GL9VFZ,2
B0CWXKHM2C,2
B0BQ8P6MCH,2
B08923SXXP,2
B0CFWHT5G7,2
B09NP4GTVF,2
B0C9TXFXQJ,2
B000X6K9J8,2
B0C3HF71BR,2
B0D72SLBJV,2
B0CLTPZ4MJ,2
B0BBB1TYR2,2
B0BWTT3WK1,2
B0BSMX5ZFS,2
B0C7GPYW39,2
B0CPPPN81P,2
B0C6JQ9XDP,2
B095P43V29,2
B0CM5P7D8G,2
B0B3D95S8R,2
B0BWMQS1WF,2
B09P4PGV58,2
B0DNJZKGFT,2
B09QKBBNCX,2
B07HHRVP7H,2
B0CRB6S1Q9,2
B08FMNXX68,2
B0CKQNP26P,2
B0CG8L7Y3S,2
B087G6TGJL,2
B09Y112QTR,2
B09NVB368H,2
B0C2CDV7JL,2
B075DWT9KR,2
B0BYYHSMHS,2
B0CB4PF7MK,2
B0DL2BZWKD,2
B07NTHV88X,2
B07JPYYMLK,2
B0D1PBTN1V,2
B0DGT929PV,2
B0C68MZFHY,2
B0C6JQVWK7,2
B0CZ78NX3L,2
B0DG3PYCNX,2
B0C6XFQV1R,2
B07WJRQ39Q,2
B0CZMWSBBV,2
B0CP3YL6QJ,2
B071PB659V,2
B004EDWMBO,2
B08M387W6Q,2
B0DJXTV6B3,2
B0BB5ZBT42,2
B0CJVJ5HDB,2
B073R6CT7P,2
B07CWT7YYL,2
B08KSWFRLT,2
B07WLXXDQ4,2
B01M7TTA2S,2
B0B7WD8SLM,2
B0CGYRH1J9,2
B0CM7BN919,2
B0CTH967JR,2
B081YZW95T,2
B0C7GZ4KGV,2
B0C6Z7VNBP,2
B09TLHTZ63,2
B01EDKGFGU,2
B0D2R8Z8MJ,2
B0D56D5987,2
B0CCXPFF5H,2
B0CQX11CJQ,2
B0CFWWC13Z,2
B07GS3BMK7,2
B0D1KB4G6T,2
B09FL6YR9L,2
B0D3WTFWQ9,2
B0BGSDMXLT,2
B08PPYNJMX,2
B07FNGP1SV,2
B0CJLWH552,2
B08HXQJQKD,2
B0B2WJ51ZB,2
B0B8J6GNYN,2
B07C5RX1GR,2
B00CM5TQC4,2
B079NPRL2R,2
B0C4CS459J,2
B09FHT8TZ8,2
B0BBWGCJ46,2
B08WKVX59J,2
B0B24ZYK97,2
B0CNLX2V7T,2
B0BC91YVXF,2
B07T85CNX2,2
B0BZHG852Z,2
B0CQ4N6YN6,2
B09MLWBNJ8,2
B09V54Z7GX,2
B00EJU3SWY,2
B0CLRQ1BSG,2
B00N2NK38Q,2
B0193XJZ1Y,2
B00QRSZOQY,2
B0C9VBPD23,2
B0CLL6PPTF,2
B09K23JVRQ,2
B0BRMXVC6R,2
B00TRLVKW0,2
B07N9K5LND,2
B0956VGNYD,2
B00N24PK6A,2
B09VXK6QJ6,2
B0CDVLZB72,2
B0CSJRZS97,2
B0BZGNTWH1,2
B0CQR8YT8G,2
B0CP9YF9W7,2
B0D45BVCW7,2
B07DPCCBZT,2
B0BXX9Q2WB,2
B0B1YLQD9C,2
B00V155S46,2
B07VRBFZ8Q,2
B0B4HBGS9G,2
B0BJJFWF1Q,2
B0C9Z55QNW,2
B08G4D53LR,2
B0CCYC5WMS,2
B0CVTYVMG4,2
B0C4D23V4B,2
B0DJSCFH4L,2
B074NHT1SL,2
B0DC72Z6S7,2
B0C9Z9R8WF,2
B0764HS4SL,2
B0DMT612C5,2
B082YBHHQF,2
B098W6GBSB,2
B0BLSCY6PR,2
B0B49MZLDB,2
B0CJ5HBCSY,2
B0C7T96PVK,2
B08YRMR2JC,2
B0CC5NZFYH,2
B0BDR1X6PT,2
B0BYSNSR28,2
B083HRZBDT,2
B0CYLKRRQX,2
B0BC1QW2MC,2
B07YYTNMRX,2
B0DDCJQ6WW,2
B091N8N58T,2
B0D6JWNTF8,2
B0D3J8T59Z,2
B09464Y4LD,2
B0D2GZJFTV,2
B0CG92C75H,2
B0BRN3SF9V,2
B0CGTZY3KB,2
B07T6FNLQV,2
B09MFDXZHJ,2
B0CNS7R61S,2
B0BX6B5N2W,2
B0CJBW2QSY,2
B0882MD677,2
B0B5G3H9FP,2
B01EVZ3EV6,2
B0CHGS7G5Y,2
B0CP95C852,2
B0DDST3QM1,2
B0BXFGV3C5,2
B0995XGVHW,2
B0DBZMJX4L,2
B0DD992M2W,2
B09HT6ZC7K,2
B0BZ8KSZDQ,2
B0D46BWYWJ,2
B09R4H41CF,2
B08XQ1RY54,2
B09YPSGNTG,2
B09B8V1LZ3,2
B0D6KDW17P,2
B099MV5XMX,2
B0C9D9344S,2
B092S8WYXS,2
B08X12GLYM,2
B0CH2PHXBD,2
B0BZQKN5XJ,2
B0DDPHQC98,2
B0CJ4WT99G,2
B01CS31R94,2
B09KLPLCRF,2
B0077KQ30C,2
B08R2X4M3D,2
B0C3BC4QG2,2
B00PC6WNW0,2
B0BRG1VRB2,2
B0DM68YTNN,2
B0BTRZBGGZ,2
B08861KXR2,2
B0CBV5DC7Y,2
B07K1YZ27X,2
B0DHXTV1RR,2
B0C5MBW2XD,2
B08PBG6QHZ,2
B096ZS566G,2
B07FDXDB3W,2
B0B12QWG8P,2
B0CRZ1D6K5,2
B0CWN5TB6Q,2
B09YWX24R2,2
B0BM51M972,2
B0D5B8J71W,2
B0BYCQJ55Y,2
B0B83WGNZY,2
B0CQ4Q7YDC,2
B093W2Q654,2
B0D8STPWFY,2
B088GT1XHL,2
B0C6FW9PYR,2
B0DFQ214MF,2
B07D125W1P,2
B0010VS078,2
B0C3ZTKRGX,2
B07HD68P1F,2
B0C9JLBY6V,2
B0B453GWGJ,2
B0BMG9RNTX,2
B0D818BPNZ,2
B0CDLGSRW5,2
B09CX95397,2
B0CR5M7CRC,2
B0D9N7K3V9,2
B0CFLRBTYN,2
B0CP9YB3Q4,2
B0CF2BMSPS,2
B0BZ4FT7YH,2
B091LDYCGT,2
B0C1S54NR3,2
B09FZ1FQJL,2
B0CF1L975P,2
B07TY46K8Q,2
B0CDWQJNPH,2
B0C4F8RNF9,2
B0DB7YPY9W,2
B07ZPQ2CZY,2
B0D78NXNYQ,2
B0009F3R7E,2
B09BKYQZ4V,2
B08LNWYFH1,2
B092CXDQLG,2
B0CGJFH66Y,2
B0BVLY1V2H,2
B0B79JGT2J,2
1837991014,2
B0BR3R7GHN,2
B0BMP2KQG2,2
B0BRH7RMJM,2
B09NL1RH4D,2
B08FDFRKR3,2
B0BPXCFJXR,2
B0DM4XRL7H,2
B09T92F9Z8,2
B0CFQXGCT6,2
B08LTMH44Q,2
B0CJC92685,2
B09TXMB537,2
B09Y8SV5RY,2
B093GJH7XD,2
B07NC81FB3,2
B09P7X27V9,2
B0CRNM8CS7,2
B0BB3DGPQX,2
B0DBLB59WR,2
B08X4D4H1S,2
B0DK43T5LP,2
B0CRQXZBJM,2
B0CR6CML2T,2
B095HWGV4S,2
B0C4H3Z6K7,2
B0D63HS6DM,2
B0D3WYD7B7,2
B0CWV5C3XH,2
B0CGBPDBR4,2
B0C395VXJB,2
B0DDPSB7B4,2
B01DCNCDWO,2
B0BTCQ9HC1,2
B07PCJX6HC,2
B0CJ2C8FYL,2
B09BF9L92J,2
B00RYURKES,2
B09KHJ1W5Z,2
B0BZS1ZVXF,2
B0D3PKRCW3,2
B0CH17FTSB,2
B0754Y9GNH,2
B07TSN384X,2
B0CDVXRKZY,2
1426216904,2
B07STNY7NQ,2
B0164A4ZRI,2
B0D63GBG98,2
B07HL498WV,2
B0771MJHKT,2
B09V7M9DSK,2
B0CR9Y6SB8,2
B081FVRZ6L,2
B0CR7KZVTY,2
B0CSZ6F1BX,2
B07YVGYFDG,2
B0C7V3N49P,2
B0CTHG9T5W,2
B0BXP83HBV,2
B0DK72T8V9,2
B0CFQYP7GX,2
B099DVBRQG,2
B07XBJT1RP,2
B08XYZMR39,2
B0852WLH7M,2
B0CKT1YVVQ,2
B09Q1X4YQH,2
B0CGX7DKHL,2
B079KBRMF1,2
B092RCVHFT,2
B08DHMMBFF,2
B096FNWZ44,2
B0CZ6VJ3JD,2
B0C9MCCTSF,2
B08TR2F13V,2
B0CJFVVWGK,2
B0CJ8T666H,2
B07QVWJ6VN,2
B0CR3TVXG2,2
B0BLS3QJTX,2
B07K968H2M,2
B09T3T3NXQ,2
B01NCERNZB,2
B09HZH4YQM,2
B0763JJ38W,2
B09C5PZXKF,2
B0B6ZWHXXJ,2
B09NCB45YC,2
B09B4R1P76,2
B09J1FK7RK,2
B0C6GTHRL2,2
B07CNSXKZW,2
B0BMW99L2Q,2
B0CN2KHFMY,2
B0BNPTNDKJ,2
B07GRL1SFG,2
B0BYFGFDP8,2
B0D9WHGF1Z,2
B0D817LX3Z,2
B0030ZRS7A,2
B0768RGVWY,2
B08YXKR996,2
B0BGQH6LXP,2
B08DTMYKJL,2
B0CCJX54C8,2
B0BXLHZH76,2
B08LP9R33P,2
B01F49FITE,2
1507214634,2
B0DDC5RSX5,2
B0B9264LXJ,2
B0DG29FVCN,2
B0CP2B5YVQ,2
B087CDBKCH,2
B0C1S3TXHY,2
B00BKUTUFK,2
B0CFXW6M7V,2
B0CXTCZGW1,2
B00YXB1L7S,2
B0BYRPQSSX,2
B08LDL3RF3,2
B0BV1TJLMB,2
B0D6RPBMWF,2
B0BXL7JN1M,2
B09DXZXTXR,2
B0D4Q2QBCP,2
B094JJ5FD6,2
B0C854449J,2
B08NW47WVL,2
B09XXDNZMC,2
B083GLQQH1,2
B0DF7W7Y89,2
B09FFGGXXX,2
B0C72WPVH8,2
B08K34MBNV,2
B0989DQJ9L,2
B09TTLKHRK,2
B0DJ4LNBFT,2
B08SBTP9DQ,2
B0CL8KH73G,2
B086BKDDMN,2
B0CRKCYNZX,2
B01FHOWYA2,2
B0CJSCH7WT,2
B0CVZWMD34,2
B0C6GWBKW2,2
B07H14RYTV,2
B0746NJ3PP,2
B0DP6YHN5V,2
B0DDT9F8MJ,2
B078N7YHYT,2
B0D8VYGJ2W,2
B0D91NZJ4Q,2
B0C141C134,2
B08LYY5NTN,2
B085Y1J85P,2
1452174792,2
B08SLM7KZD,2
B0BKPBWNSQ,2
B0CH9P2VZY,2
B0D8MDHCJY,2
B0CLCB3LZD,2
B0BPNXX2MF,2
B09BP35P1Y,2
B0D2J2PKGB,2
B0CKYM98VH,2
B0CG97M36Z,2
B0CRCWF9XP,2
B0C1BRMB3L,2
B07YW9Z7NS,2
B0CKYN6HCJ,2
B0C33QQJKY,2
B0BZ4VTS9T,2
B0D1FRDFFX,2
B088WLNHKY,2
B0D921RRNW,2
B088R2MKW2,2
B0145WJJVO,2
B09R4HBQWZ,2
B0CP21RK1P,2
B089D5PZ6G,2
B0BHPM55X9,2
B093NKC9S1,2
B0BNLJHFS2,2
B0BKLT4ZYT,2
B0DFBZ4YQ6,2
B0CHWR9RFB,2
B0CQVTCQ2J,2
B0CP2B5KR1,2
B086BRGBM3,2
B0D7V9FSR3,2
B01HNCV8PI,2
B0CF94WHQH,2
B0C7J5SMPK,2
B0B87KMF9W,2
B0BPX8G8SC,2
B0CNXP39JZ,2
B0DLGLN13L,2
B08WYKVQ5B,2
B005Z5Q3Z6,2
B002YKMPQ6,2
B09F2PMZ5N,2
B07H89L1SW,2
B0BQRBZ333,2
B07HDFBWW6,2
B08Z3P6WLY,2
1952568110,2
B07FDXY48N,2
B0BBGT6DXJ,2
B01LBUG9CK,2
B08TLWYKLS,2
B0BZZMG39M,2
B0D3FRG89G,2
B01MR4Y0CZ,2
B0CLTQ6MVB,2
B0BYMRJD7R,2
B0DHKCTDJP,2
B0DG294VS8,2
B0CY4NWRPR,2
B07S1BNNYD,2
B0DK38K95D,2
B0CZ6HPP3D,2
B0CTN1ZCPS,2
B0BCKZCV2D,2
B0BJXRWWHX,2
B0CD7884D2,2
B0B253HMYK,1
B08LH4JB24,1
B07B8W2KHZ,1
B0CN4KKRJQ,1
B0D1G72RF7,1
B0D76TB8M9,1
B0DBVFW4M1,1
B08PQ14WC8,1
B0CJ7F75Z3,1
B07HX5QLV8,1
B0DFYY3J2B,1
B0DDTPCDLB,1
B0CSFWYT5J,1
B07XRB167B,1
B093X3LJ7V,1
B0CN7C1V6W,1
1915542049,1
B0C8HSNLC9,1
B09QW9MRLW,1
B0DMZHWKJ4,1
B08R6VDV6L,1
B09DPR4CCL,1
B0CQ25749S,1
B09BJL82B2,1
B003M0LWYI,1
B0DK22D1NS,1
B0D29B3CPQ,1
B0DLNHHCMZ,1
B0C6MWVMX5,1
B09V7XC4VV,1
B09XDFX9JD,1
B0CJF44H1G,1
B07W7FLKRW,1
B09J7PY1LG,1
B0CXY3QHDR,1
B01C6GQDOM,1
B09Q8532CR,1
B01LH043GS,1
B09MFZKZY8,1
B00CFLAZV6,1
B07NZ2ZNVM,1
B0DF7TY5G1,1
B0CY267KKS,1
B0BWH6F43J,1
B0DLFP7FJL,1
B09DY9QXZB,1
B0CZJTYF34,1
B0CJXDV1Q1,1
B0DMF6J9T4,1
B09WDHBPFD,1
B091GBR4Z9,1
B0BS6F1P4Y,1
B0C9BQ5YY8,1
B07VRMJVMY,1
B0D9P5PFL7,1
B0CG8KWC6H,1
B00UC8FMYO,1
B0B3T63CHV,1
B0D2P6T8LL,1
B0DGQ8H6H2,1
B0CCQCGQHQ,1
B09CG5CWG5,1
B0BVQKT4CD,1
B09CTZNQQ6,1
B0C7V7KQPD,1
B0D9XY3LG5,1
B07XKSF7HQ,1
B082934B2X,1
B0CNCYJN98,1
B0CPDWF8F3,1
B0C1YZ4R8F,1
B0CJF94M8J,1
9695492754,1
B0C23Z3TCT,1
B0D1BD8JV5,1
B089YF585F,1
B0D8W9BDLC,1
B0CKT1XR1P,1
B07X4JPFD7,1
B0BNNY2WG7,1
B085LRFK95,1
B01KJS866C,1
B078ZB7K6S,1
B0CJH76S39,1
B0BNFVTLVN,1
B0CZRM9ZZW,1
B0CG5MZLG7,1
B09DLTDZ1F,1
B07WXGW4RK,1
B07TN5B9TW,1
B0DJT88N3F,1
B0CMTNHDTL,1
B07Z9RJFMR,1
B0BSXG54B6,1
B087LWCGPS,1
1683222504,1
B08PDD3M7Y,1
B0C38TZDZS,1
B07XKXQL79,1
B08SQDSV9D,1
B009D4SC90,1
B0BWSYC66T,1
B09VSTZ859,1
B08ZSCKVS7,1
B091V6YG72,1
B08NY3TFG5,1
B0CT7Y64Y9,1
B09VFQVNBH,1
B01M00HN53,1
B0C5JJL97P,1
B09B7BZLWM,1
B07GQ3PK9Y,1
B0B3HMPFX3,1
B0B8RT1KG1,1
B00O2ENK84,1
B097TY34XW,1
B09F6FXGWJ,1
B0BHK6ZTBC,1
B08YD9DQWZ,1
B0DFW78HXR,1
B07S1Q9PJF,1
B0CGR4L28V,1
B07XKQLRR9,1
B0B3XMTRHN,1
B084L2ZG4D,1
B075F6JNTP,1
B0CLFMY3GW,1
B0C9Z35TY3,1
B096G72324,1
B09T66W5D1,1
B0CL3R9N9N,1
B0D9Y5DZQ3,1
B0CMCXGLSM,1
B0926XJ1NG,1
B0B967VLMC,1
B0CMD3N9PZ,1
B0B63YX3RG,1
B0DHZ8RFSJ,1
1426215649,1
B0BKPWXHD2,1
B08HC6MKVL,1
B000EVU8J8,1
B0CNGVLFS3,1
B0CL66MF6T,1
B0CDCS7Q68,1
B08DNKHNZP,1
B0CRD9XTZ2,1
B0DK4HFNSB,1
B0CV99RMHQ,1
B0B5G39GDP,1
B08SBWWNH9,1
B082V5NF46,1
B0932Z1HRH,1
B01N5YEKYU,1
B0BQW3M249,1
B0DHCCPHXT,1
B094G42YK6,1
B0DKXWMMKZ,1
B09R1JVD2R,1
B0C9V8LD9R,1
B0C2KLLJPD,1
B0CMT8B75Z,1
B09X3C2HKB,1
B09JJZVRBN,1
B0BPX45TD9,1
B0B6JTX6NB,1
B0C2FMZMHP,1
0008609217,1
B0BMLNPC6T,1
B092W6RZT1,1
B07WMZN7Q1,1
B0B8MLJBL2,1
B0BG78SS2S,1
B0BRR4Z35Y,1
B08BCQXJDM,1
B08S6P7WG5,1
B098NLPFQX,1
B08XBWJ749,1
B0BGYD3JHW,1
B0CYL91JSS,1
B0DKHKLQZ4,1
B0CBK6MBBG,1
B0BZKZYKVC,1
B0C64X7V8L,1
B0BWMLC9BJ,1
B0BCTTGTB9,1
B0DHRQ2FPM,1
B091FCVF2L,1
B0BW45QFLX,1
B0D5LFS6W8,1
B097XP4WNK,1
B08BF4R3MS,1
B08RYK4FGS,1
B079NLGT3X,1
B0CDLXVVVZ,1
B0091WZO1S,1
B0CNGD4T6T,1
B0BQ8G7N9Z,1
B00MFW2U1S,1
B0BM3R6KQS,1
B0C3RXDFNL,1
B0BVMFVKKH,1
B0BD7BYXMT,1
B0CJRGLZ6Y,1
B0DK6M8ZNN,1
B0D9GZRZYM,1
B0BPXH9GTZ,1
B07JDWTDPB,1
B00EU5NHLK,1
B0B74QN2N6,1
B088NFSJVC,1
B09WYR893W,1
B08ZML6KDH,1
B0D97BNXFP,1
B0BRRPJCSS,1
B0CXPNMZ52,1
B0CF8J7J7N,1
B0DK3716NS,1
B0DDXRVSF5,1
B0BCF8G3HT,1
B0CK5KC9WW,1
B089VXLBJZ,1
B0BJZXSDFR,1
B08YNXN4GK,1
B0C7W4KXWJ,1
B0C5HZ6QMW,1
B0B92DZ9JN,1
B0C9HLXJ6K,1
B0D7VZB99Y,1
B09DGDTQFG,1
B0CN2NC39S,1
B0C5S8VNX7,1
B0CZ9F35PT,1
B092MP472L,1
B0B5V1RPZB,1
B0CHB1PM5F,1
B0CX8VCZY9,1
B01M7NWCPT,1
B08LNB8P9G,1
B098JHNW9R,1
B08R5JRXBW,1
B0C7C23SN1,1
B0D9TJQJD8,1
B00J3Z0XSC,1
B0BGBMZMMQ,1
B09WVQZX16,1
B09BBQN4KX,1
B092ZKJ955,1
B0BVGJ1F5R,1
B09F73H9TD,1
B0CRD6RYYC,1
B0D6BZS563,1
B09GBFJJBN,1
B0B59CKYHV,1
B0BZS88WMF,1
B0BQJM66C2,1
B0CRD292TY,1
B0CSNJF1H7,1
B0DB1PQBH5,1
B0D9ND5QXH,1
B0CF1QC8TP,1
B093P2D8SS,1
B0CYT23NS9,1
B0CBD1R7J8,1
B00C15QNSA,1
B0D66JWKGS,1
B0D66KVJ4X,1
B0CR688T37,1
B0DGCV6PJ1,1
B09HMHQ5MM,1
B0DCN8K7FD,1
B00UMVVUOC,1
B00NMRZSGY,1
B0DF2THWMG,1
B0DJ58RT1Z,1
B0D6RGFCBW,1
B0C4KVV5W1,1
B0CB31VBK8,1
B0CW9NPGWK,1
B0BJ7D28JH,1
B0C65HVF65,1
B0947HHQSF,1
B0DBQ7FSWG,1
B0D948Y34N,1
B07T6D2QW5,1
B09QKMGXZM,1
B0CNY7JGHT,1
B0BN6Q88GH,1
B074NHRZQX,1
B0BZ85F98Q,1
B0DR3317GY,1
B091MLZZW4,1
B0CQBYSFQK,1
B07LFHK64C,1
B0CTS7223W,1
B0DCNDW5BV,1
B0D4J5T3VB,1
B014E2D6BY,1
B0CNXMVXWX,1
B0CBMS88RY,1
B081XP81JC,1
B0CG961PND,1
B0CG4NKPMY,1
B07XGKX327,1
B0D3F5RY8C,1
B07XQ94ZL9,1
B0C2HNB1MC,1
B01D1HEP0E,1
B01BCTDO9G,1
B08P7MNXKY,1
B09SCYSG9C,1
B09W1K8TP5,1
B07GL966BX,1
B0DH3FXV9X,1
B0CQ2B31PM,1
B0DCVQ11V4,1
B0D9PVJVCV,1
B09YGTB85C,1
B0CN2Y97J9,1
B0B586BJBY,1
B0CGRMYZFR,1
B07X2WMJ64,1
B0C6XWP9Q8,1
B08R9GRWZT,1
B07999FBDR,1
B08RP6D6K7,1
B0CFQWMKL6,1
B0BVCXYFVM,1
B01B6WMZRQ,1
B06Y1X4566,1
B09LJ3KT9T,1
B07NF7XG17,1
B0DNXMVCMN,1
B07PHJNP2P,1
B0DG51GBL3,1
1524858145,1
B09Q4GWMZQ,1
B0DDXVWXQ3,1
B07BF3F6B6,1
B09QPGFZQH,1
B0CBTNW7QS,1
B0DP9F5R5B,1
B0D9L9T7BN,1
B0DB87BMHY,1
B0C377C1RT,1
B0B4ZS332M,1
B0BR5F2HH7,1
B0CLF5BB95,1
B0BN2JJQDL,1
B0CZMVXFH2,1
B087CDJMBM,1
B0C5H55X5M,1
B07XLDWRMG,1
B0DHK9H9SG,1
B0CJ2WMHY6,1
B0CNCJQDWD,1
B07DQNYD8Z,1
B0C2TC9HZ7,1
B09ZXCSBZ4,1
B0BWDMGFCH,1
B0DDVD7HBD,1
B0B3SSGS4K,1
B09DKF5ST1,1
B07HLZFF3L,1
B072L7RJ7M,1
B09W9HY1Q6,1
B0CHJHB6WM,1
B0017HRS8M,1
B0CFHTKRXB,1
B0DL5HDRNL,1
B0C1KJCR85,1
B0CNX4JNDT,1
B0BDV7DR5D,1
B0BX22JYCF,1
0762462876,1
B08VPSGX5G,1
B0BXPMVF9W,1
B00T5DYXHE,1
B08955MYB2,1
B0CHRTZKB6,1
B0CJ5HS4BF,1
B0C73H9SKV,1
B0BSDRVYHH,1
B0CBLP8V8N,1
B097Q3WXZZ,1
B081GKX8FF,1
B005OKX4CW,1
B0021K4SW8,1
B000W3T9GG,1
B0D462THZY,1
B00D5VX6FW,1
B0C6SMBCQX,1
B0CLGKJ8D3,1
B099L7N912,1
B0CMCW75HD,1
B0CHZ5V95B,1
B09WRB17MX,1
B0CMPYN4QY,1
B0CMHMGY9W,1
B09KZTPDPK,1
B091HPDGW5,1
B0DCGGZ37V,1
B0CN8Y32HG,1
B00C0YDLHS,1
B0C8LDH9RK,1
1592338208,1
B09WNG7W3C,1
B0C65HR9YK,1
B08L42RB3X,1
B0C1BR5FVM,1
B0CFYBLLCB,1
B01N9MP4SX,1
B0BPF2BPJD,1
B0C7NPXTPH,1
B0BZPKDVB8,1
B01MYOCI0Q,1
B0BM9LPS47,1
B0CXPF5XTJ,1
B0D9XQGPKK,1
B08YNQDT5W,1
B08D6WGJC4,1
B09ZQ923BL,1
B0CTMMV3R6,1
B0D1833CLH,1
B09Q6F8F93,1
B08HSDPZMB,1
B0CN8K3MCQ,1
B0BPHT5C9C,1
B0D14S7HZQ,1
B0CYN57Z3T,1
1496445457,1
B0D5XNQ56G,1
B0DBRNZMMQ,1
B0BVMYK8CX,1
B0BZPPH94G,1
B0D9GTFB6S,1
B0B4ZSKPNL,1
B095X3ZNPR,1
B0CLR4XKQR,1
B07RM3G4DG,1
B0DLL8XV11,1
B08B29LWKL,1
B0C2NW6H7L,1
B0CD7RRYSR,1
B0843HNS76,1
B076Q9XDN4,1
B0C6H3SCK9,1
B0C4D7ZYMM,1
B0BQBVHWTQ,1
B08356STDM,1
B0BTY553BF,1
B0C8T7G5PX,1
B0BKTFJXRZ,1
B0BX2QFW5Y,1
B0CR5C42SC,1
B09QX78WMR,1
B0CFQ5SSK5,1
B07F7SKWFQ,1
B096LYGPX6,1
B0B9JRYT5G,1
B099KB64GB,1
B01CFZL6H8,1
B0CZH691ZT,1
B07474HMXR,1
B0B4DLR6ZM,1
B0CCK883JF,1
B0C5XPG572,1
B0969LJRYV,1
B07Y2Q2VVQ,1
B0CBBGPCLQ,1
B08PRWFCTZ,1
B097NDLV1L,1
B0D2H86KSN,1
B08KTWWF1Y,1
B0CS91JMHX,1
B07JNGNN2Y,1
B0DJ4YRQNL,1
B07W7HN41B,1
B09BBQQ41P,1
B0CGNCFLG7,1
B09QD1QCDP,1
B09J2NM87P,1
B01IQQUAZY,1
B01HB3TCG6,1
B0CS5MGYF5,1
B0C77PXBNJ,1
B08R79ZDMB,1
B0D45Z456N,1
B00119QKBC,1
B0CY8F5X9K,1
B071GKDXBL,1
B08RCS5X3S,1
B0CVJVVXYR,1
B01J3S3S26,1
B0C817H712,1
B0BZMGM83H,1
B08Q2YCZXX,1
B09LD44NH1,1
B0D25TZMJG,1
B0CC5BR69J,1
B003HFECN6,1
B07GSPZ3LZ,1
B08PP8KDR3,1
B0CHJ83DNH,1
B09X14L4LM,1
B09MQCR8CL,1
B0BJKDNGVF,1
B018W9JII0,1
B07TPLZY74,1
1945056088,1
B07CWV1XQ7,1
B0D14FLH76,1
B0D448TSKC,1
B0C48NCBR5,1
B0CQL4ZW1H,1
B0855NFK8Q,1
B0D8R63GKT,1
B07JZC2ZHD,1
B0DLNVY2L4,1
B0BFF5VTQ5,1
B0CMZC92XX,1
B09JHY361F,1
B09KQV8F5T,1
B001GV29RE,1
B08P25FP75,1
B08SCDJH82,1
B0089LODV4,1
B001F52EZS,1
B0CLNNY2X7,1
B0CSJNW54J,1
B0BKVTPT9C,1
B002VM47SG,1
B0BN717D8N,1
B0D8RLCZD4,1
B00N9D4BQO,1
B0CS6R753Y,1
B0BYZ38DS1,1
B0CGZHCM5C,1
B07LF68K79,1
B0BLXG995R,1
B08KT2Z93D,1
B08DBSTJBR,1
B06ZYM1XSL,1
B0CFXYCD1W,1
B0BNVRZMQ7,1
B0BY7KP31Y,1
B0BQ6MTV44,1
B0CDW3Q117,1
B08HQJKD3G,1
B0BYNLCPPV,1
B0CFW31TSB,1
B0BHZSVYMM,1
164845089X,1
B0BQRLHTW1,1
B0CK15ZKCV,1
B0DKX9MMHF,1
B0BJ741H37,1
B0CC2JLTFJ,1
B07TYM4LMX,1
B0DKCQH4XB,1
B071D9J878,1
B0D95F614D,1
B0BPKVTNC6,1
B0BYNLBVW6,1
1565235045,1
B0BR15HWPN,1
B074V3N59X,1
B0CC889GDP,1
B000JJYJ86,1
B0068RZ57W,1
B00O60L3WE,1
B0046HJ0XG,1
B09XJF8YNL,1
B0BKTDRRR9,1
B09CG73QMQ,1
B0DLFTF54K,1
B00SBBZITI,1
B00BTIUYOO,1
B08PC67C23,1
B0CL71JQYL,1
B0CG5GYQZF,1
B09Z2HH4HF,1
B09Q2WL7C6,1
B0BYCK9MKW,1
B09KN4JMRK,1
B08RCV3MRP,1
B0C61P37GW,1
B0CMT6TWC9,1
B07FQ976B5,1
B097BW8KN7,1
B085P1J7LL,1
B0859NCHZF,1
B0DBZCGGDZ,1
B0B12Q6L15,1
B0BYS6SJ3P,1
B0BZC14DSX,1
B0CNS8F6V9,1
B0785GFBBG,1
B09S63FVXB,1
B0CY5FFZPN,1
B073W9CSVN,1
B0DB1S2RWL,1
B0CB1SBGC2,1
B0CQVR7KRW,1
B08J8GZXKZ,1
B00008WQ3L,1
B09MN8J3P9,1
B0D255XDG9,1
B07CRZQ9MY,1
B08GGD9SZ7,1
B0DGY1683M,1
B09TB28845,1
B0BR8JQTDF,1
B0CQ21HVHP,1
B019Q3U7UE,1
B0CZHSC6P8,1
B085XT846T,1
B0CY2MRJWP,1
B09CK8B3JB,1
B08CD3CPT6,1
B0CKX2D2BS,1
B0936YVZKH,1
B0D795Z639,1
B0B1G9ZZ5W,1
B08G1KB88B,1
B0955WH12V,1
B0DD458XVN,1
B08DV66611,1
B0D267MB2S,1
B0BZPGDR1B,1
B0BNNGTF5X,1
B0D1SFYL5X,1
B0DGGMQ3R7,1
B01E7QONSC,1
B0D46S5ZPG,1
B00MX1FW1Q,1
B09P17GRYY,1
B0D3LNZK84,1
B08QD45GM1,1
B0BXMVCF7Y,1
B0DF2KKGZR,1
B09QPLZCTK,1
B0CMTXVT21,1
B09462N4FC,1
B0BNHZVG9S,1
B0C4N22Q3S,1
B0CLY8YM1Z,1
B08CN6J6NQ,1
B08P27XFBX,1
B096B8DK12,1
B0DGGPFM8P,1
B07FMNJT74,1
B01N9AL149,1
B08RD6S5HF,1
B002MFO61K,1
B0C4X4YVDT,1
B0CCJ1P3S8,1
B0CQFZWVMB,1
B0C1NP6GG8,1
B0CM6NZP5Y,1
B095X9TZTT,1
B01AWOHZF6,1
B085T8N6GQ,1
B01JQPBSI2,1
B0CG8D3P1S,1
B0BYJNJ8W8,1
B0D5LBLRL3,1
B0D6V3Y574,1
B0D4HNYXP5,1
B0DDKB1PTS,1
B01CF4JYMI,1
B09Q5YRR33,1
B0BQCCRZBQ,1
B0D25XZ6J6,1
B0CC27LZ8D,1
B0CM6DZ7GH,1
B095MBJ8RX,1
B08V17L9K4,1
B09W8SLCL3,1
B08NCMDSF9,1
B07TBCFL6B,1
B003M0FWWG,1
B0BFXK8FNV,1
B09S638K7F,1
B0CQ2D9Z8D,1
B09XTLFGK1,1
B095CFCZ7W,1
B0CRB4D5SR,1
B09ZBMQXR8,1
B0BYNZKYLC,1
B0D1R6WQ34,1
B01GIJBK50,1
B0B1HB3DR7,1
B09BZ537NV,1
B09P3R1XN6,1
B0CQ7TDP56,1
B0CJ973HGX,1
B0CRQDZKX6,1
B0CS985MW6,1
B0CDRLXWRT,1
B08P9LVKJN,1
B09T3BQWJF,1
B07V72LJBL,1
B0CNKGMCBM,1
B01HTU9TLY,1
B07LDMG3M8,1
B0DB8DMKVV,1
B0B299PSNL,1
B0BP15XT8B,1
B0D2D7726H,1
B0D4KV1TSF,1
B00C175C0I,1
B07K1L6HX3,1
B07ZXQRKZY,1
B09PC1SLXP,1
B07DGT9K85,1
B0DGXZQ92H,1
B0BNQ6PJZT,1
B0B4W52FNG,1
B0BY8CRKLJ,1
B09XH7S38L,1
B01MPYWML4,1
B076RDSMD8,1
B0DHCBQ8PG,1
B0BR3P3Z78,1
B00SC94N4K,1
B0D948K8WQ,1
B0CJV25VWT,1
B0D94FKFQ3,1
B09RPLMSGZ,1
B09X1XN3FZ,1
B0BLW14854,1
B0BVDMRKRR,1
B01HHRDXWK,1
B07M7MJZ6Y,1
B0CRDT9MF5,1
B0D672169L,1
B0C7838DKH,1
B0759MWG4G,1
B0CKLPP5JV,1
B0DHCHFFZN,1
B09KXZ2TZ9,1
B0C5QCYW89,1
0544320417,1
B0CNXHWV32,1
B09ZPGD3JN,1
B0CP3W68NL,1
B0BLN6S4PX,1
B0CDCJFP92,1
B09LRSTM46,1
B0BDF7BBCF,1
B096YFJS8S,1
B0CMVLDKYM,1
B0BGLS7SK1,1
B0000DA0XJ,1
B0D8BBG6CR,1
B09L44C9XH,1
B0D8S76WQW,1
B0CG4KXGRM,1
B0D1G2DW9M,1
B07PRJ76FB,1
B0CP2KS3XJ,1
B0DBLN82TC,1
B0CRB5PG72,1
B07V9WRR4Z,1
B0D9Q9GLZ3,1
B0D6BT5SBB,1
B0C3XKYXNF,1
B0C2Y7WC3P,1
B0BT5WK9ZJ,1
B0CJ2P7225,1
B0BNX3VZ4T,1
B087PWNS9C,1
B08K8GXDCK,1
B0845YNBWN,1
B09FK377LL,1
B0D9PV3WRM,1
B088747VYM,1
B001VZ54S6,1
B0832SMZDK,1
B0CB8LSR9X,1
B0DF2XQC5C,1
B09DM3TRQ6,1
B08YZ22BSK,1
B086ZLGLV3,1
B0DCG9K5C2,1
B09LM9Q5HB,1
B0CT7NWD5L,1
1601064934,1
B07MQ2MZ79,1
B08L3GP1R9,1
B0C8TMB5WZ,1
B0BZ3XJR7G,1
B07FTPT6KL,1
B0BC21HGK4,1
B0D89SBXBZ,1
B0CD7QLRVL,1
B072JZ741M,1
B0DM5YB385,1
B000EVYGV4,1
B09ZPYBJP3,1
B07RW682K2,1
B0CNX8516F,1
B0D4Z2CJ5B,1
B0BQVXS3VX,1
B07NF2Z192,1
B07GVCMJPC,1
B07JHN77L3,1
B073W4LCB4,1
B0DJ45JHJN,1
B0BKG8GXH4,1
B0D31FC84T,1
B09RJWYKVM,1
B00I20W1YS,1
B0CWVLTJC2,1
B0DPKXRBPM,1
B07DR9SPGT,1
B01D1RMENE,1
B0CQYJRZ2J,1
B0C5SHY9Z4,1
B0C1NYVZ8W,1
B09GNFYHJT,1
B0CY7WRD9Y,1
B0CR7KBJKQ,1
B081QWXKG9,1
B0CSFNG6BM,1
B0DBCGV8T3,1
B0CJJ229ZX,1
B0CBKT4SJ5,1
B0943T1LW2,1
B07MQ5D79Q,1
B0D3957JWY,1
B0CNR2VXWS,1
B0CFV7CR9F,1
B0BPLWBPM6,1
B0D5DRQF6H,1
B0CMTVK1P3,1
B07F58TVHZ,1
B09MFG5SS7,1
B091F9T7F2,1
B0B1P7927Q,1
B0CXSL2NXG,1
B0C64KV48R,1
B0D79WJCKS,1
B0036U4KO8,1
B07D3GK8JK,1
B0B6741MMH,1
B08MZJP61W,1
B0D6YRJLCP,1
B01DEBA8GC,1
B0CYZCVS1C,1
B07VJ4MM9R,1
B0CDG5L64Z,1
B09JJWWKZS,1
B0BG2X3T8T,1
B09SG9TZNS,1
B01E7QS0YK,1
B09NL8N8VF,1
B08HVC4MC6,1
B0B5MR7TLN,1
B0CK3TTR3N,1
B0C9MJ749Q,1
B0DC66694R,1
B0CMT9CHVS,1
B000KOHG9Y,1
B08KZMRCFH,1
B07D3BFY6R,1
B07P1DWX9Q,1
B07YLFT546,1
B09W9P69S8,1
B0D4TWBM7D,1
B0BQW51FF4,1
B075S7GN77,1
B0C6LH3WKR,1
B019HR91W4,1
B0BV3XG98G,1
B09YGM79ZD,1
B0C13TJGR5,1
B09F99H5LG,1
B01MSA3PCB,1
B0BYM2GTF9,1
B0C3H9MJQV,1
B08TYTQV1Y,1
B00IULFU4C,1
B09KXH1GBP,1
B09DC41WD3,1
B0C612KJSC,1
B008052BRC,1
B0CHLXZL83,1
B091FR18DT,1
B0CPFFWC77,1
B0D7VXFF4J,1
B0C39BWTL4,1
B09ZP4RCPP,1
B0CP7G5444,1
B08LPNP5P8,1
B0B9X4GD1N,1
B0CDPMVBSS,1
B07979Q73P,1
B0DL928G4M,1
B0CSF4Q13H,1
B0DG8V4FCR,1
B00NIPV96I,1
B08GDW5JYF,1
B0CJMQBDXP,1
B0BLWJKM2S,1
B0CKLVTLV2,1
B08GLNCNB2,1
B0BB11GL6H,1
B0D6RM69FF,1
B0D3LB6M73,1
B085D8S6ND,1
B0CL6D7TQL,1
1645587754,1
B0D2MMVF8K,1
B08V12HBY9,1
B0BZL2ZP3B,1
B0C1SQ4JBW,1
B07NWCTXHH,1
B0BKRFBSTF,1
B0CCD6S246,1
B08JQ6FS8G,1
B07XZGWGFM,1
B0CFXVVB76,1
B0BBZYYJ21,1
B00HZGRYUG,1
B09FZ1K4FK,1
B0B5R3MPGQ,1
B08N67H3CK,1
B07HGSV4LV,1
B09V366BDY,1
B0CGHV2ZK4,1
B0CFXYS7S2,1
B0C614489W,1
B09X8PGSZP,1
B0CFTNYGRD,1
B083C4TBT5,1
B0CSFVZ1RQ,1
B09WD9H7K2,1
B00OJI35GA,1
B0B9WBBK2S,1
B07DN93Q48,1
B00A2F481A,1
B08GG42WXY,1
B07S57P2V6,1
B0CRD9MDZS,1
B089GJTC2H,1
B0D3LWWNF1,1
B0CN1PH6K9,1
B0DFYBMGQD,1
B0895DDN47,1
B07W22LYQK,1
B0CZP1RBCH,1
B0CLVGCVXL,1
B0CXJCDG8F,1
B07GZD3K1H,1
B0CKQK6Q53,1
B0CQ48YCPK,1
B0CS5YX9MR,1
B0DNGBB3DB,1
B0B93CBV4K,1
B0868HY623,1
B081SCPD2F,1
B07PJRQPLD,1
B071G6RDSY,1
B07YB1ZXG6,1
B0CXWPBW14,1
B0B7JHS67X,1
B09PNKKS78,1
B0CZL8FDHB,1
B0DF751VPL,1
B0DFVTK1CR,1
B0CMXSDYTL,1
B0B21D16DX,1
B0CJ9DGG31,1
B0B2HWS2FB,1
B00L3YV65K,1
B0CJFX72YT,1
B0DJ8LM4MT,1
B0CSDSS9B4,1
B0BGWZN7MV,1
B013CO4NS0,1
B01J2KCK6A,1
B00459VM6I,1
B0BNLMSX66,1
B01HDWDTGY,1
B0D72GFZXF,1
B0BMTSHQ78,1
B088B9V5QN,1
B0DK953YNW,1
B0D8BQF5HC,1
B09WV6TNK1,1
B0775GR18G,1
B09FX2VSKH,1
B0DF4W41RQ,1
B08563JCG2,1
B00U1LDXBG,1
B0BZDLXKTS,1
B0D44PVQKZ,1
1621452204,1
B09V7NGKXN,1
B0BMXC2TDM,1
B0DCGCPGT9,1
B0D13VWPS7,1
B08CX84NK4,1
B07JZ3X9X5,1
B0CN1NMQ95,1
B09283FVMN,1
B0C4F3DNP7,1
B07NQ9N72J,1
B0D63K639V,1
B0C3H3V4GK,1
B0C2CLRDWZ,1
B00UVQIAPA,1
B0CR7L79Q2,1
B0DHLXJH3Q,1
B092V4R468,1
B07HY216DF,1
B0C17W3Q9B,1
B088T6CWDX,1
B0D2Q9Y5LF,1
B0DD7YN8G1,1
B0BMKJFFP1,1
B0D2TZJ8M3,1
B0CJNQRGR2,1
B07F3FFTMK,1
B09635NP93,1
B0CZPMJDRH,1
B0BZBP4JJF,1
B0DK89P8TW,1
B0D1VRQW45,1
B00DPX8UBA,1
B00P186FSC,1
B0B8Q8T276,1
B0BGKNJ4KF,1
B0CMMY334G,1
B0B3QKVQ8Z,1
B0CHJQHYTS,1
B0CD2N4M31,1
B01M15AAIC,1
B07YFMQVTB,1
B0CJBRBVHW,1
B0B8N7YM4Y,1
B08CRJRC3R,1
B07QCQN4B9,1
B0CRB5685Z,1
B0CG1M17VG,1
B0BW9LW5BF,1
B01KKVL5W0,1
B07D3NHCVG,1
B0C23KCXS2,1
B09LVWKLLD,1
B0CM8L8Z81,1
B0BXKZ45SR,1
B000YBFJQU,1
B0BN57HRJJ,1
B08JH82DZW,1
B09DTNGRF3,1
B074SF11JZ,1
B01A6B0ICC,1
B0DB8G33LF,1
B07QLBBD66,1
B0CFXHKTH4,1
B09XN5FB63,1
B0CXPPZDCD,1
B09HZC54MQ,1
B0C7BN5LZR,1
B0BHXB67QB,1
B0BS17CP13,1
B0C22MMYPD,1
B09H2P9HLY,1
B0CLRL7XNZ,1
B0BNT2TQR8,1
B0B6J8FWCJ,1
B07N38R3V2,1
B0C99BKBTL,1
B0D4B2TLND,1
B00NWPD890,1
B09TF8PNZ2,1
B0B511426L,1
B0BFW5V3KK,1
B0DJCTR5NP,1
B07NSS297D,1
B0CH8W5FYH,1
B0B3QF6HJF,1
B0CYPQCB54,1
B08PB8N7B6,1
B08PQJHNB2,1
B0BVH9LZBT,1
B09GXYP1QC,1
B0BMW361N3,1
B07SLBXK76,1
B07QWRZVVF,1
B07VLBVQBP,1
B0BXJ8PTRH,1
B0BJNZV8LM,1
B0DG8JQJ6D,1
B0CLRK21LN,1
B0BM8NB7QR,1
B0C4XPJLZX,1
B0C7WH88W7,1
B0CTKJC2LJ,1
B00KAS8G1W,1
B0DF743TQX,1
B01M06GFG7,1
B09HTSCBYT,1
B0BVFJ2GMB,1
B0CR6FTFRL,1
B0D1K8RHHS,1
B08ZSXD1BR,1
B0B6GCHWW2,1
B0C8JD468K,1
B09BMKH4BC,1
B0BXMVTGS5,1
B0BZP5GV4W,1
B0CM3TKDD7,1
B0BZP8WSCR,1
B08V189DRN,1
B0D6YZN3Q9,1
B0BCHZG6JN,1
B0DJZF6ZF5,1
B07V6QJYLX,1
B0CLB5DRFF,1
B0D4TC3R64,1
B089DR29T6,1
B08MYG3CQS,1
B0BR5Z96LD,1
B09WJ1HB89,1
B074Q9QGQY,1
B0BFBLZZNG,1
B07XG6R8DD,1
B095HHTHHQ,1
B0CXJ55MQ7,1
B00A2JBMRE,1
B0DKD9VP1Q,1
B0D7GB2CCJ,1
B098CKXJ9D,1
B0B82CXSDT,1
B07LFZ29SK,1
B09W35G321,1
B0C1Z56L1F,1
B0D8TYN9JJ,1
B00VCKPK7U,1
1507215959,1
B0843Q87L1,1
B0CM6MTY46,1
B07TY86Z9S,1
B01MS1M5QS,1
B0CMTMYGNH,1
B0DHTML4MF,1
B0CQP8STFP,1
B0C2W4Y3VT,1
B0CH12B9MJ,1
B0BLTRYPBK,1
B0D8ZLBHLC,1
B0DH2FV4VK,1
391063415X,1
1612126979,1
B0DD5XTND3,1
B0B6JSCBNT,1
B0CFDZRM75,1
B0CZ6TVK4Y,1
B0D2NHLDLY,1
B0CLHNTLH1,1
B075MH5K6V,1
B0CBFMVHH1,1
B098XPQ4QG,1
B07D457RDP,1
B08SK4DMHR,1
B0CRJRJC5H,1
B09VM4J61J,1
B0D5D1MQZC,1
B003V9PRC8,1
B0CQCGVL9K,1
B01EZ2XPY6,1
B0C2CVC23D,1
B0DC9TLNQB,1
B0CBJ95B65,1
B0CH4WZ85W,1
B09BYTQK7N,1
B0CQX74QC3,1
B01N12XT0G,1
B097459ZF3,1
B08HVKZX17,1
B08T7M4V6Q,1
1923108395,1
B0B62G3LWN,1
B0C1RPCNBJ,1
B07JWJ9DK8,1
B0DCNMSD8F,1
B0CM31B9TY,1
B07MSM6G9R,1
B0CLB2DG5D,1
B0D2VPCGCH,1
B0BY22DL12,1
B0C4TKD3JS,1
B0D1SCB74D,1
B0C8189NXN,1
B0C8SGTQBP,1
B0BV6F7SXP,1
B07NZT2SCN,1
B000WQZ5PC,1
B0015IVEGU,1
B0155OGEUU,1
B000C2TB6U,1
B00CM5U3W6,1
B09FDYC2P5,1
B07DWNHLFG,1
B0B7GP6R4L,1
B07JH8L9JC,1
B0B5Z74Z5Z,1
B0BQQRC6Z5,1
1644549883,1
B0C1GSXBJN,1
B08KXNC1D7,1
B0CS6HG7RD,1
B0CWH7JS27,1
B08TDPXQHZ,1
B09XZQQF7R,1
B07JHQ78T1,1
B0D92BP5SK,1
B0BZ57M7XG,1
B09YH9P554,1
B0CDMHD6PT,1
B0CH4PZJXG,1
B09XQWHG7N,1
B0C8V7J9H1,1
B0B9DC2M89,1
B0B1ZHMPXQ,1
B09ZG8P7ZB,1
B07FN3LGGH,1
B0BGSD3G5H,1
B0BGRL51TX,1
B07HP7VQX3,1
B0CP7QMZF9,1
B0CTH2QF23,1
B07M8LQZ1H,1
B011SJCJP0,1
B0CLLGK6SD,1
B09887S6C1,1
B0BZTYD6YW,1
B0BYRMQBZ3,1
B0CDBW9P5Z,1
B0BBQQYQQ8,1
B0DB1T4WZX,1
B08KDNKWDZ,1
B07SXC3QCT,1
B0CQKNGK89,1
B0784YQ63K,1
B09LLY5MKL,1
B0CR2YTN4N,1
B0CBLR34W3,1
B08LBN2JPS,1
B08VKRJ4RX,1
B0CX4KSGBP,1
B08LNR3X18,1
B0CCRGCKPT,1
B09GBJJWLQ,1
B007FSDIJA,1
B07PD1GJDN,1
B00IKCCWXS,1
B09FBGQJ1D,1
B0DJQVYQ7T,1
B0BWQNRHPR,1
B07M5RNH4Z,1
B09TSMTBT9,1
B0DNDRWSGF,1
B0CRTRK7QH,1
B0BJKJ61NS,1
B0CRQVL5C1,1
B0CRKP7MZQ,1
B07Y47K647,1
B00DB69XAI,1
B0CL9FY17B,1
B07W6BYWMG,1
B0B72G41CF,1
B09J17P9CX,1
B09232JHMY,1
B0DF97NYP8,1
B07G1B75GP,1
B0DFBX616M,1
B0BFSQQFGB,1
B0D97F8FWY,1
B0CTNTSXPG,1
B0CVMTDXXY,1
B0D94Y4VXR,1
B0BLNM7157,1
B0836V6S4R,1
B0DHCB1ZVV,1
B0BMF562Q8,1
B0DHK637GX,1
B0C28S8CY8,1
B0DR1RJN24,1
B0B5YKRZML,1
B07YHPRWSF,1
B0CTYYV9V3,1
B0DF6R2M77,1
B09WJQB84V,1
B00K05AZ3W,1
B0CR5LNZB5,1
B0CJJ598N1,1
B086FR95ZZ,1
B018QROXLK,1
B0CKYF1DH8,1
B0CNX3X1W3,1
B00SK2PT74,1
B0B3T7YBPJ,1
B077K7PKP1,1
B0C142PCYS,1
B09KX1TN85,1
B0C3WQPLJD,1
B0BRDZVJHV,1
B0C9DKW7ZF,1
B0DFGSG3RW,1
B0C9SZ1VCQ,1
B0BZSCS613,1
B08G14CPVS,1
B07QWBCFLL,1
B01D3IH562,1
B09XN5QXC1,1
1952842654,1
B0B6GHQLKY,1
B015HWPIZW,1
B07NBWVHK3,1
0545688868,1
B09TRSNT7V,1
B0D1G1ZZBD,1
B0D3DST11F,1
B08M93BHJ8,1
B0DJ6P74YS,1
B08MW8X85C,1
B084SZJRQP,1
B07ZL1WNPQ,1
B0B8SK3K2Q,1
B0C6SRYZKW,1
B0BQD6X93T,1
B0DHX7W1P2,1
B0C9QFZB5C,1
B09CQF3X6Z,1
B07H7T36LT,1
B0DF7RX64Q,1
B0CB26JWCB,1
B0CYL72BJJ,1
B092LX1KHZ,1
B0B28Z3MZ5,1
B0845V1W5N,1
B097BSKN9P,1
B00643PAQQ,1
B08HV25XXJ,1
B07TLPBSN2,1
B0DG5JCZVX,1
B0B3W2MSMV,1
B0DL4BY2DT,1
B0C5N1R7GD,1
B0952NG57K,1
B0728GKRLW,1
B09RNBDHDM,1
B0DM4SPYJQ,1
B07FRJKH4N,1
B0CD2P1C4V,1
B0C68G1C6Q,1
B01H30D2QS,1
B0BGPSY5RX,1
B00O2ENT94,1
B09RLT44SQ,1
B0CSN811X8,1
B0717899NZ,1
B0CD1WY746,1
B07JMSSQ5G,1
B0D7VPSYG8,1
B07THTFKTZ,1
B01LPSGBZS,1
B0BHDY74T5,1
B0010ZZMKC,1
B099YYZDJ5,1
B0CN1PDPQF,1
B0999B8WKX,1
B08SBQBF2R,1
B0046H28YY,1
B091F77R1V,1
B0D31H4PRL,1
B09NQYNN23,1
B07BH4DD2M,1
1432131419,1
B09KL9NT83,1
B0C3R4971W,1
B092R6M2NH,1
B08C4PF175,1
B07QBMY1KX,1
B07HG5Q8TP,1
B008MNV45M,1
B093W8VS9N,1
B07V7SZHJN,1
B0060AQG6G,1
B01N1TA2SD,1
B00CM5TJ62,1
B007IW25FQ,1
B0CFYS9XLM,1
B07TLJWBM9,1
B0BNHZZD48,1
B0C4LFYJR3,1
B0DB1B549S,1
B0BKSX52MY,1
B0C2ZJFSM1,1
B0BFC7WQ6R,1
B0DN9YCG33,1
B0B7D5JB97,1
B07Y22QK1S,1
B0C9CHTBZ1,1
B085T9SYS8,1
B0CBKXNTPK,1
B0DDMKWKMS,1
B0CLLRJJS6,1
B0CN8MZNVC,1
B07JJHNPH8,1
B08BCS56PV,1
B0CT5BZGNB,1
B083SV23WF,1
B08BKM4M1T,1
B0DNPJXR74,1
B0DKXPB4S6,1
B0CY4K8S4N,1
B09294WZH4,1
B0BXSZFGZ6,1
B00C3L75Q6,1
B075RYLCZF,1
B0CC4D42TZ,1
B0BQJW5TKH,1
B0CHJJQPR2,1
B0BY16JN5V,1
B08L96KPXJ,1
B00PERKYZK,1
B08T8YQ8GK,1
B0CR6BG3X6,1
B0CYWNTGPJ,1
B09Y6T29Q6,1
B0BN727WW9,1
B0DKDTYKWM,1
B0CQVJ6CLN,1
B00BXO9KX0,1
B0BRBMNN93,1
B00C3M178M,1
B0CN2XTCFT,1
B01DP3F7VA,1
B0C586ZLPD,1
0762424168,1
B09L87Q793,1
B0DC6GPFZH,1
B09QX5814T,1
B07TC687GQ,1
B0CQYTDHSV,1
B0DF4NJ9MG,1
B0041IH230,1
B09HQSNZSD,1
B0876YQRKD,1
B0D5BBWMMW,1
B002Y1AKTE,1
B07FNC49RC,1
B01FB7L9HY,1
B0BYHJ5VKK,1
B00GOVGZBC,1
B0CRKDWFLJ,1
B00T5D8QGS,1
B09YXSNCTM,1
B09B1LRJ8F,1
B0BJ71HMVR,1
B07RV4H826,1
B09ZQMG51F,1
B0D1QBSPKK,1
B09Q4818DS,1
B0CG85XGBT,1
B08SQMZQRP,1
B0CYKTHLZ4,1
B0CKQKNYDS,1
B0D5Y9NK9G,1
B07XXPHQZK,1
B0D95DX818,1
B0C61K2QY5,1
B08HFP35Q8,1
B0DH4S3CKC,1
B09PRTWVDM,1
B07TLDJDFQ,1
B01IMYIY2Q,1
B002OED6II,1
B0DJ8JQSBC,1
B0D8BMTPL1,1
B01IAGT91Q,1
B0CC4JK273,1
B0B1FT8Y5X,1
B09JW2KSWW,1
B0CCCYJBR5,1
B0BV35YZYV,1
B00ERE2RLK,1
B07JZTBV9C,1
B00HQYE81K,1
B07PVBS863,1
B09G2BSQ5X,1
B075BN71D7,1
160433696X,1
B0BS6V2TNP,1
B0DB61LJJB,1
B07QRGQ7Z8,1
B0CJ6PL4X7,1
B0C5YLRPX7,1
B0CN854M7N,1
B0CJ4JN52C,1
B0B7M6H1BD,1
B0BQ5MHVL3,1
B00OR1KO22,1
B0CZHSF33S,1
B0043R48Z4,1
B00KYZN1FC,1
B0CFXWWY32,1
B09F2F1NJJ,1
B0D8WG7643,1
B0BMKLJMKR,1
B0BV9XZ5G5,1
B00JXLYK6M,1
1601063385,1
B09F67MBQB,1
B0BNSLDZGH,1
B0CCRVJHMQ,1
B07MQXKKJ6,1
B0DF7SL65N,1
B00M2IAPXK,1
1085819019,1
B0CWR1J4GB,1
B0006A2ZR0,1
B0B9HY9YX1,1
B099PHBHS1,1
B09K7LB547,1
B00NQL8Z16,1
B0DGH1TLQM,1
B097CZFQK3,1
B0BWH3KNST,1
B0DLB9NPMS,1
B0D1XTBQH2,1
B0BK99VK6H,1
B0BB6WJ26F,1
B0DDGN4Q6N,1
B0CZ7KCH6W,1
B07WNN75F9,1
B0CXJF89R6,1
B00CYR6GDC,1
B0738B8SQS,1
B09Q2CR55L,1
1728293715,1
B09QS1YVYQ,1
B0DFY9JS6Y,1
B07K3RW7KC,1
B0CS6T4PBD,1
B0DBHQ8GDS,1
B073VZZKK5,1
B08HV3MPFD,1
B0DCZBN9YF,1
B07C228KMX,1
B0CGZV3BCY,1
B0CPXYFJP4,1
B01MTKFBHY,1
B0BZYNSKGZ,1
B0B63NWYNV,1
B09KZN5LKG,1
B09SKRBFXL,1
B09QPKZCWZ,1
B0BYC8J5LB,1
B07KZLJ7PB,1
B0BQRKG1C6,1
B0C5P1755T,1
B0CFSDSP3V,1
B07YFLTR2L,1
B0D5M4PXSF,1
B0D4F1BLZH,1
B07X4FFFJQ,1
B098T8Y3HT,1
B0CDCC7WKX,1
B09KLWBM5J,1
B0BM4Y2KK6,1
B071KGW5Q2,1
B076J8LRQD,1
B0D5QD2BT8,1
B09Q8DTFSL,1
B003VP5TPW,1
B0B34PTY3X,1
B0D31PKZBB,1
B07VR8VD88,1
B081T7N948,1
B0BFL3XLT3,1
B00RQHBZVS,1
B0D87DPBR1,1
B0BG4ZMR82,1
B0CJRKVV6W,1
B0CSYWF8BF,1
B0CVS853F4,1
B0D18XPXSP,1
B08R8XYJJR,1
B07KP61G69,1
B0CHYLBWTB,1
B08VS5TQTV,1
B0D6BZZBCZ,1
B08XJ194ZH,1
B0DR3VQJT5,1
B0DBTQFYNT,1
B07GSYX8H8,1
B0D9K7XV9F,1
B0CLGNDPK6,1
B0DBH5VSC9,1
B09KH1S17H,1
B0DCJBB7D8,1
B0CRPPDQNV,1
B00CPGCKVY,1
B09KQRW4G9,1
B079HPWSNJ,1
B0DJQ9RM7Y,1
B0DHGZBX1Z,1
B0DLK2TCSB,1
B0DLB2QLS3,1
B0C92Z5V5R,1
B094JB4YT7,1
B07QP9TV8Z,1
B0CMHVDZXQ,1
B0CFXV3FLV,1
B0DKFQ87VN,1
B0D9PW1BQJ,1
B0CWNLB5ZM,1
B00PRZ3ABE,1
B09PFNWC1J,1
B07TC7FYG9,1
B08FRR2YSN,1
B07VHS4773,1
B0BQDX1QWM,1
B0CS3S9KS9,1
B09H2T86XR,1
B0CPP14VR9,1
B0BCPJ6T1Y,1
B0CL9L42RR,1
B0882KGHHT,1
B0CDTXVDQ2,1
B098B83RHY,1
B0CVTN88F8,1
B09BJNRLX7,1
B0CMGZM1GF,1
B0BGGQBSPB,1
B0C28DMQ3M,1
B0D2JFD6HL,1
B07D26KQZ7,1
B0BD84BPHF,1
B0C1M1DQFC,1
B07D266SGW,1
B0CRQLY4R6,1
B0D96MWK1Q,1
B09L6Z6679,1
B07DNZCYJV,1
B07WG18RLT,1
B08PG5PGG2,1
B0DDKTFCTN,1
0593436148,1
B0DCGCF6CS,1
B0BJS6M86W,1
B0C3QZ7SNF,1
B0C5H7QSXD,1
B096KWFV2K,1
B0CP26KGWD,1
B09PRGS957,1
B091B7V5FC,1
B003UCBHES,1
B0D8B44DHQ,1
B0CB86MLTP,1
B07HY1XHNV,1
B081KL7CYL,1
B0CHJJSQF5,1
B0CNYM81L4,1
B09GJQV3XT,1
B0CP3Y4FJM,1
B0B2QY5VG3,1
B0DHCWB32R,1
B09Z2WHTGD,1
B0B2P85978,1
B0C27MW4ZG,1
B09X27YPS1,1
B0BPPT1C5M,1
B00BUFPRBQ,1
B099FJJYYC,1
B07QX3YJLH,1
B0DKMCCR76,1
B09PQCJL2C,1
B01BZOKLOO,1
B0BTCPVC9Q,1
B0CHNRTG9N,1
B0CL4R55DR,1
B0DDLD9LZZ,1
B002VEAJJK,1
B000HHQ94C,1
B09JBJ5ZSW,1
B0D86YXGS5,1
B09PVNQ41G,1
B0C6F3BQF7,1
B0CBMDZQ1X,1
B006GL6N9E,1
B07GJR4KXM,1
B08NDRRVJY,1
1944515631,1
B08SG2MS3V,1
B00D7H9LIA,1
B08TQKC6PQ,1
B088432M72,1
B08L5MKXJY,1
B0B353N2XZ,1
B0D3CSPMZG,1
B08NDRXZNK,1
B08XQ8FRQ9,1
B0BZP1F6J5,1
B0C7LQFN5B,1
B01H3SOPTS,1
B07DW7RYD3,1
B0DG8DBP7P,1
B09YHD86CD,1
B00I3TBC4S,1
B0DQ51WRVL,1
B0CB1SQKG4,1
B07QB89P1W,1
B08L5Z2Q49,1
B09PH14W2T,1
B0BD5MNYF2,1
B086YXYNLN,1
B0D92YB4RH,1
B0DCNHP2F8,1
B06ZXWVZ3X,1
B0CNT541T2,1
B07G5NQ5B7,1
B07F9NVJGV,1
B09WMG3MHN,1
B0BZ8LN2NQ,1
B005Z5Q4EQ,1
B0B5G1PZFN,1
B09GTRVJQM,1
B0CSJQMVYZ,1
B08XLVG5VP,1
B09FGV85F5,1
B0B1V23ZS2,1
B0C6DH1TKC,1
B00D5EHZR4,1
B0BG4W7G4X,1
B0CNFY3M1C,1
B0CQY8FLC6,1
B08XZ5CKS1,1
B0CP1PD6QQ,1
1496412729,1
B0BXSFY4YP,1
B0D454JJF9,1
B06XDTQJTH,1
B0CYKPTWHV,1
B09WRDQMGN,1
B0CSSH482D,1
B0DNBG3W1S,1
B0BL2B312L,1
B0C5M5HHQT,1
B0962R36CY,1
B07Q239BJP,1
B0CLDS51LH,1
B0BNXD7VNF,1
B0BR8NLS8J,1
B0DJ27336M,1
B0CHVHQ83Y,1
B0C9XFGBS1,1
B0DG96492D,1
B07J4YT945,1
B0C6JX429G,1
B0BLJZ93MY,1
B000NP4832,1
B0C3TDPXC8,1
B0D927DC3B,1
B095JSX4KY,1
B09CGPKVT2,1
B0964DVSFK,1
B0CJ2D7N8V,1
B005ZJ1GRM,1
B07T6JXLZY,1
B0BFGW69N4,1
B08BG6FG39,1
B0C73Y9R88,1
B08X3N34HJ,1
B0BQC5JB7Y,1
B01J2JLU0I,1
B0C7TYLX5Q,1
B0B567LTMY,1
B0CR6DNS2B,1
B09P85K2DK,1
1601060726,1
B08FCVJ7N2,1
B01BOXCROI,1
B00858TRZ8,1
B0CTHMQJDC,1
B08JPK61YB,1
B0DKF2MKCH,1
B0C65KSKZL,1
B0CKVZKFWB,1
B09V16CF9T,1
B09937JV5C,1
B01JN3VMWY,1
B0CSSLD72K,1
B06XQM3B8R,1
B0CW6548NL,1
B076PSQ2G6,1
B0CWDCL6ZH,1
B0BR8N3BB6,1
B0D5GT9R2T,1
B08ZNJ54Z3,1
B09WDN49WS,1
B098TZ87CW,1
B075GWKN83,1
B0C7GVG4WK,1
B074MR2C61,1
B0BBFNS5ZK,1
B088DB8PJC,1
B0CB45ZFY3,1
1728268060,1
B0DJKV1LHY,1
B0D44JRWK8,1
B0BWL4ZDC8,1
B0017XHSC2,1
B0DBDSH7ZQ,1
B0BYX1XT81,1
B0C2P16FG6,1
B06Y15HD4G,1
B01MZ14LJV,1
B0DC4S8K3R,1
B08XK29FJY,1
B0C15KQJX3,1
B0CPT46KTJ,1
B0BXWNFZ9W,1
B0BGRVVBR3,1
B0CJFFR574,1
B0827N9PRP,1
B08DR1LBZS,1
B0BW45G1LJ,1
B07G5G6SV9,1
B0BXMX4JKQ,1
B09BLB3BFM,1
B0CQDWRBSS,1
B0DHS17GBM,1
B07BMWKRZ9,1
B08PC8YNYB,1
B0CZF4XNKH,1
B088R37XWZ,1
B0C8LZ2CPY,1
B0CCPFJTML,1
B082HD5JDH,1
B0B74S5QNQ,1
B0046C4KSG,1
B08KHLF35Y,1
B0CMCNX5TG,1
B0CR2VX9GZ,1
B0CJMBFHWV,1
B08KHDH2ZL,1
B0BSP2CZL7,1
B0C3CMG9D8,1
B0BPCH8J9R,1
B0CJ6BZDM7,1
B08XZ1KHQR,1
B0B5M1Q93F,1
B077FFJ94W,1
B07KBHCXTC,1
B0BTCYTJ67,1
B0CLQW3SL9,1
B01N1ZHCEB,1
B0DFYFT2X9,1
B09SGXNWD1,1
B0CSFYG1RD,1
B07S2Z8H86,1
B0BSC1KJXD,1
B0CPYCDMCR,1
B08MBD3GPW,1
B0145GNB14,1
B08ZKRJ6R9,1
B000HLRPZA,1
B09XHPZCVP,1
B09F5ZWR2H,1
B00DBXR7MW,1
B096PC9SY2,1
B08HKXSFNN,1
B0DJPV6Z17,1
B07BTQGBFT,1
B09VTNCFKL,1
B0D15VT5BY,1
B0BLSFS6YY,1
B09C4K7GXN,1
B0CD2M7SFG,1
B0B96FRVH1,1
B01KKNFTPC,1
B0DKFQPB56,1
B078YQW3RN,1
B0CRT3B2XC,1
B0BR7T8NY8,1
B07X8RHNT5,1
B0DKT34ZLS,1
B09JX14WK1,1
B0CN6G1X6P,1
B09BP3M5P7,1
B07B2Y1DZ6,1
B0CQ6V95R7,1
B09CVBS1Y3,1
B0D8TMR3WD,1
B013HE1CWU,1
136809029X,1
B0D8QLNK87,1
B0BHQ54SVC,1
B0CJ2H9J31,1
B07LFCMPYJ,1
B092746858,1
B0DP2B7X7C,1
B0D8ZMC58R,1
B09MDGH6SR,1
B0B2J1QNBX,1
B06XG2DPFC,1
B0CT5QYKNZ,1
B0BFB62JJM,1
B0972M3XS7,1
B0B8331GV5,1
B0C545KQQM,1
B0D76BPNBJ,1
B0D6C3BDS2,1
B0CPF1SFYL,1
B011ZKTUHM,1
B0BDF8CVBN,1
B0D7SB84YP,1
B07T414J6J,1
B0CCTTBLGK,1
B0BXFTSKC2,1
B0CP5X3V7M,1
B0DMSHM91Z,1
B0D9V5NZ1B,1
B07XGNSH8Y,1
B07HGW9SZF,1
B0CZDJ3SMY,1
B0CB5YRXJZ,1
B0D2RRBL1W,1
B0CW5Y4H1H,1
B0BZNNYRV3,1
B0CVJ2MKYP,1
B0BPMB1Y13,1
B0BW5K77DR,1
B08KTP63F9,1
B0CWZ2DFNC,1
B0CDV7MMCR,1
B09XD6KP78,1
B07BNZWG17,1
B07HHGC8HN,1
B09PC9FNQC,1
B07NC863S3,1
B09CMD5JBN,1
B0CGMG3SVV,1
B09BDBQM75,1
B0BZ7DNKKW,1
B09JC1W613,1
B0817PCQRZ,1
B0D2P3NV4P,1
B0DCNZGY4X,1
B0BDZMWNJ7,1
B07RPT4LFN,1
B0CY1SK15N,1
B081SNX9YG,1
B0DG1DDQGF,1
B0DHV9H2S5,1
B0818KKWDR,1
B07R1K199D,1
B0B14NDTMM,1
B0B2PFFDKF,1
B0CS3TQVWW,1
B0BZH6H68L,1
B001OC5UMQ,1
B0DKLY6LFQ,1
1441342532,1
B07XGZMLSM,1
B07J21HZTR,1
B011ABWSDE,1
B07F66TZ5B,1
B08Q7MN9LY,1
B0B6GQXXMT,1
B0CX418KY8,1
B0CBFMLPPB,1
1641522410,1
B07DFRRCRP,1
B08T21FGQ8,1
B09VXMW3RZ,1
B0C13L9BSK,1
B096RRW4GC,1
B00CMUEYOE,1
B0DGPFCVKQ,1
B0DJ2T1MNV,1
B0CLZL9L9N,1
B09BKHHL5H,1
B0C6KRQ7RH,1
B00377VHQ4,1
B07QNS3HZJ,1
B09Y1MQRQ9,1
B0DHV486L3,1
B091G8CPQ4,1
B096WS8CJW,1
B0BGRF9N1N,1
B095XVYNVW,1
B07B9R2ZV2,1
B09W2FZJQT,1
B0D9LDJRRH,1
B0797RK52Q,1
B0158EQE2K,1
B0DHVD4Q1W,1
B0D3B5R7CQ,1
B0DHC81NXQ,1
B0D84CP4ZL,1
B0D1SCBJSS,1
B0BZ16DVC6,1
B000CO89T8,1
B0CWLPD2WN,1
B0BX5BBM9M,1
B07FDNCMDM,1
B0DNDQ7GW1,1
B08P6MTSSS,1
B09289D6BR,1
B0B3DNYP6Q,1
B01KK64SOM,1
B0CZR1Q1F1,1
B0BKT2G3XS,1
B09YRC49MJ,1
B085MJGYH4,1
B0B5KCB8WQ,1
B09HXRGC14,1
B0BFX6JTS6,1
B0813NPTWB,1
B0CNTGYT3Z,1
B07W6TR96W,1
B0D49J2WLJ,1
B093WNSM9X,1
B0CMQC2JHS,1
B0B6T66QL2,1
B0B7NSB649,1
B0B6RG9DGC,1
B0BMQ9JV6P,1
B0BPRXFHZ4,1
B07MB1SH1G,1
B0BL8FHMVW,1
B0CBJH1ZC6,1
B002UE6YQ8,1
B0CH6MBGJN,1
B082P8T7V9,1
B0BLVPHRBT,1
B0CR7DT9T8,1
B0CC91L83F,1
B0CC5D8HR4,1
B0CZ4134WT,1
B08GYDDV4Y,1
B09XWVWTH8,1
B01J3S3NIU,1
B07S8MJHZS,1
B09SL7Y96G,1
B0C1W773F8,1
B07Q7VPDTN,1
B0CY26N55S,1
B09QXD9JP4,1
B08F6W912Y,1
B00TT70OME,1
B0CKTJ4YLL,1
B0BTGCRZTP,1
B0CH6DDZ2R,1
B0CDLCNKLS,1
B0BB8D411N,1
B00M2J7PCI,1
B0986VFBWQ,1
B0D2ZBXVV4,1
B00LF9J0PQ,1
B0C5M6J1X8,1
B0BFRRZJV5,1
B0CBQY4J9S,1
B0CDQG59Y9,1
B0CQZLZZDJ,1
B0CKDZ13TR,1
B0CRQJX8Q5,1
B0CBBL1W2Z,1
B08DBX9X2J,1
B0D9PFTNRV,1
B0BZ3YGW85,1
B0DDCJXHRZ,1
B014F4O2E6,1
B0B1F7Y2X6,1
B08M8R5NQL,1
B0CJJ2YD1K,1
B0DLWF79DH,1
B0CGH27526,1
B0B7R6SNCB,1
B0859BFMMX,1
B07VMYDZDG,1
B09NDYKP8X,1
B091647KGL,1
B0CYGY2VLQ,1
B073LFMKLS,1
B07JMCVG1X,1
B0D6BJG16Z,1
B0BR8N248W,1
B0CJ6HXWFB,1
B0D2L93985,1
B08G8W2YNS,1
B0CGVJTYGL,1
B003DM3MN4,1
B00UVQIKOQ,1
B07WHDF8T1,1
B07W4S35F9,1
B0CCB1YB9F,1
B0C5QNQK5D,1
B0CZLRB7RX,1
B0D6WCF13S,1
B0C9LGRR3S,1
B0BCV9RTS3,1
B01M5EIRVX,1
B0B7XFN97G,1
B0C5N9T6Z5,1
B0DH8RQYBQ,1
B0DNSLJ21W,1
B0DJ28BZMZ,1
B09XB9PD2R,1
B088H1JW5W,1
B09G68XMSK,1
B0CB9TMH55,1
B08YRL1CSW,1
B09YLT7FFN,1
B09RNG29WD,1
B004G9C0SQ,1
B09XJHJSG4,1
B000WQY7RO,1
B07ZN527ZC,1
B09BZWZKY9,1
B072M5LT71,1
B01GIILFUG,1
B08MPY2VB2,1
B0CHN8N4RR,1
B0CH9HDXL9,1
B099YJKB9Z,1
B09BZ66GXF,1
B0C9GRJGR7,1
B0981YBGS2,1
B0CTBH3NC9,1
B07BH7GKTF,1
B0B46PLC68,1
B0BQPX41V7,1
B07NPV7VD3,1
B0BFXFCJ69,1
B0C4H294KQ,1
B09VP41M71,1
B0CJFCJP38,1
B0CT21WTHH,1
B071DDXGYZ,1
B0BYZ2JHYW,1
B08BR7Y223,1
B0CL9B3XKP,1
B0CN3YYCXW,1
B07DHGMCPH,1
B0C9SZSJ1H,1
B0D3KSJ75G,1
B08XKLQBBW,1
B08XK44Z96,1
B0CKCMR4NN,1
B09XN6H64F,1
B0CDC111RB,1
B0B9JGWZC7,1
B0CQCCB95G,1
B09SB4Y4WG,1
B0D95P2CFB,1
B0CPHR69VB,1
B0CSYRRHN5,1
B07196XBHH,1
B0DBQ5TLG2,1
B0CQNZR1Z4,1
B0C2N6QCZR,1
B00I1QCPHQ,1
B07VG4S38C,1
B0CQ5G3MT9,1
B09LMC5JLX,1
B0D2XC49XM,1
B0DN562YCY,1
B0CW3SZCW6,1
B0D66JB2ZQ,1
B0845YL17M,1
B07B44KF34,1
B0DG55J5CG,1
B0CRNZM8QL,1
B09TXM9C8Y,1
B0DMKSCTTL,1
B0CGXPXTDC,1
B0C4995FXM,1
B0D94K7MTH,1
B0D33QPGFQ,1
B09GK2RMNF,1
B0CWKWQ3HC,1
B0D7HLT2MZ,1
B0DKFRJWFY,1
B0D3M313KL,1
B0CQXDPF5C,1
B013IOQH9W,1
B0CLLN1NC4,1
B07VZ1Y897,1
B0B4F38QBT,1
B0DDTL93JB,1
B0CHM1Q3DN,1
B01MTV74L8,1
B0CM6F3Z8L,1
B07DY2QRF6,1
B09Z9S569D,1
B0C492R5PG,1
B0BR3NHJ3N,1
B0DJKLLSP3,1
B0BX22Y31T,1
B0BFCJ8BRP,1
B08FC8PSGZ,1
B08QTRG66J,1
B09989MDXL,1
B00S6MMIHC,1
B07QC7WYQL,1
B0C45HK1J9,1
B0DGX58PGX,1
B07YC8PVF1,1
B0DHS1CR7W,1
B0DFLVQFCS,1
B08LVSFN4X,1
B09PMQRSPF,1
B0CJZMP7L1,1
B0BZRTM4YT,1
B0CZJDJDH6,1
B09G6LZPGJ,1
B0BVQPNDKM,1
B0D5YBDNLK,1
B0DPX355D3,1
B073XR4X72,1
B0C5S8GN55,1
B0002DHOE0,1
B0BTNYL8Y5,1
B0CTKZ596V,1
B09ZX4TDTZ,1
B0CCWSFQDL,1
B09QT1MH95,1
B0C1RB6353,1
B0CGM53SQM,1
B0B7XT1FYT,1
B0B5ZJ8Y73,1
B0D25HPLLF,1
B0BLVSNDDX,1
B0B28Q411L,1
B0CVXM87YQ,1
B0D9GFYJBV,1
B0CLMBZ5C3,1
B0CYCNNM6D,1
B07K85B218,1
B07GCBZ4HN,1
B08RCTZHCV,1
B01MR0OKVQ,1
B08R2KHTSN,1
B099ZRCGWW,1
B09CDNPWX2,1
B0CC8MGCL5,1
B0BQ7LNQT2,1
B09B9QM43M,1
B09SRDCK1F,1
B0CQDRMHPY,1
B07M99CD7S,1
B0D9Y3Z5WB,1
B0CC98BNPZ,1
B09P3FZ34Z,1
B08LG8M7T3,1
B08L68PTK6,1
B0CVV1PT48,1
B0CF9954C8,1
B0BGHMSB6G,1
B0DLGBJCG8,1
B085PQZ7T1,1
B01GE1BQWY,1
B0D96Q5MPX,1
B0D5GRKMQN,1
B0D2LKF8C8,1
B078WHDDZ4,1
B0C33H6H52,1
B00CSYEXX6,1
B0B3SKR752,1
B09J4P9B9K,1
B07JWFS4QH,1
B08P4SLD52,1
1728221692,1
B09LM7318B,1
B0C8K27GR3,1
B0DDKP95Y8,1
B0CF1Q61T2,1
B0D5J2BVZB,1
B0CGWT17CZ,1
B0875T8J36,1
B0CYTDFX5F,1
B00CL50KDY,1
B08TYT543Y,1
B09YV7B6YW,1
B09TZL7MMP,1
B08N9Q24M9,1
B0D9XSC8FY,1
B06X9R886T,1
B0CYXLH8HT,1
B0B1CSL7VJ,1
B09T3B1JDF,1
B0DDY66CHK,1
B09MD6CYDN,1
B0DDT67F2D,1
B0CGM2X41P,1
B0D5HND229,1
B08D3SDPXT,1
B0BS37WCKG,1
B00CSXW3G6,1
B0CC8WFGXX,1
B0DJLLL51P,1
B0CWYDFXS3,1
B0CHRCPZNW,1
B0DK9DL72Z,1
B01H3SO8TK,1
B0DF3182VJ,1
B0BVLZQP2S,1
B0BPX88Q4N,1
B0C7PXPFNR,1
B0BD5V63PX,1
B01GZQ1JFC,1
B0DCVQZH96,1
B0C2BJ26P7,1
B0D9TMVBT1,1
B07CH7KN37,1
B0B51Y485S,1
B06XHB31HQ,1
B0CMJ2MNJ1,1
B0C598G7ZR,1
B0CP9KWX1M,1
B0C37B7MCL,1
B0CRHJRRBH,1
B00LIRV9UO,1
B0DMSFJCZZ,1
B0D4Z1B1CQ,1
B08Q7G4WVW,1
B0DGG7WSGY,1
B078WZPYDV,1
B0CKH7FCKC,1
B07T3JLR5L,1
B0CGRFJC9M,1
B0BP2QXCYR,1
B0C53H7WWN,1
B0CPP9VSY3,1
B0C9CSVSNY,1
B00429KMH6,1
B09QPFVXFZ,1
B07YCVN8YC,1
B099Z5MK5N,1
B0B1WK6N8K,1
B09Z65MVY5,1
B09R1K4LP1,1
1450802281,1
B0BLXL6QK6,1
B0D91SPVF8,1
B00J602EI6,1
B0CSY1L77M,1
B09N72GJ57,1
B0CYY73D9N,1
B0B25NMH88,1
B0C8S5LZGX,1
B07LBQR3QY,1
B0DJ6QS5RD,1
B0BQJ83VJ9,1
B08BZRVR2Z,1
B089GPCK6T,1
B09F9XMRG5,1
B0DF9DGRTS,1
B0CBRRLWHX,1
B07KJL5FXV,1
B0CGWQ53L3,1
B0DJNP5FWC,1
B0C2TFHCTG,1
B00826OVWW,1
B001892AX2,1
B09L7LLGS1,1
B083PDY89Z,1
B0CG121KHM,1
B0D6R1X2Q1,1
B081XNFVTD,1
B09YKY86KP,1
B09G3149VS,1
B0BG9TB26K,1
B0CHNYMN8G,1
B0B2W2FKLC,1
B0DG28K5GG,1
B0CVMYFCLJ,1
B074BR28CF,1
B08YKD55KS,1
B0B48BG4R2,1
B0C1SPJXHR,1
B07PHFVRM2,1
B09R65YG4W,1
B0DNGCLLLC,1
B0DKP4PYHM,1
B09S5LVDN5,1
B0D1QFZB5Q,1
B0BXWHRGTP,1
B0CD7P1WFL,1
B072X9PXTK,1
B0CYPYFDS5,1
B0BYZ3N5JR,1
B07BZFWVRB,1
B017Y4BI1E,1
B0C98YQRDH,1
B0CYPXDNKD,1
B07SG4V2T5,1
B0D4J5BZVZ,1
B07QW78FWP,1
B0CRDK1GYB,1
B084MP8YPD,1
B00FSF2KFK,1
B089N6LMBY,1
B0BP5XZY1V,1
B0089SMR8I,1
B0DDRZBJ79,1
B007R8Q3SG,1
B0CMCG2JTC,1
B0062JSYEW,1
B09DMHKCZ3,1
B0BK82D3N1,1
B0C7BXC5BS,1
B0DGT95TQ4,1
B08VL338B9,1
B09XB9QZJP,1
B0CCFYRH46,1
B0C5DF5JP2,1
B08RJC5B74,1
B09P54T9YP,1
B096PKF9B1,1
B0778XLHH9,1
B0D675PBMK,1
B0CR2WZZBW,1
B095C6YLNR,1
B075F394ZS,1
B0CF1XQNRT,1
B09234GQXV,1
B0C1FTP3V9,1
B0DL5XKP22,1
B0875XP4WG,1
B0CBD22QCW,1
B0CCCWCYSQ,1
B0BYJ3G3CR,1
B0CCXR1PFX,1
B0CKQTJP7L,1
B075DVZBGV,1
B0BPY25DKB,1
B08S4B395N,1
B0CSSND3Q1,1
B0D6GRYZPH,1
B09CYRXHB2,1
B09XZQ694N,1
B0DF6DZ7MY,1
B0BYHLS7VZ,1
B075GRW16F,1
B07S2Q797Y,1
B0CS9LM9QQ,1
B0CV2HGKDQ,1
B07JNP2ZGK,1
B08RYG87Q4,1
B08V56DWDW,1
B07WRJS8L1,1
B0D49J91RD,1
B08XJX5BRB,1
B0CYLBH4F9,1
B0D8J82C83,1
B0B8HD1Z5T,1
B07RTVS47M,1
B07L549C88,1
B0D9JBNGNK,1
B0D922JHD8,1
B0D8PB7SLZ,1
B0BQMKXPVW,1
B08W3XS9N2,1
B07HMR4H8G,1
B07W6N5ZPF,1
B0C8611GZV,1
B0CP7ZYPQ8,1
B06XCYKFMG,1
B07GPK3CNK,1
B0BCQRGPV3,1
B0CTH76727,1
B0BRP48SWD,1
B07VY9KX3P,1
B0712188H2,1
B0D1G2C5Y7,1
B07P3JJ2YK,1
B0BVR8LJFD,1
