,,,,
candle,,,,
gifts,,,,
lamp,,,,
warmer,,,,
decor,,,,
gift,,,,
christmas,,,,
women,,,,
home,,,,
room,,,,
mom,,,,
bedroom,,,,
wax,,,,
candles,,,,
ideas,,,,
lamps,,,,
light,,,,
timer,,,,
aesthetic,,,,
cute,,,,
vintage,,,,
day,,,,
best,,,,
birthday,,,,
unique,,,,
house,,,,
table,,,,
new,,,,
flower,,,,
kitchen,,,,
desk,,,,
electric,,,,
office,,,,
small,,,,
cozy,,,,
gold,,,,
holder,,,,
mother,,,,
woman,,,,
cool,,,,
black,,,,
glass,,,,
warming,,,,
modern,,,,
mothers,,,,
warm,,,,
white,,,,
melt,,,,
men,,,,
warmers,,,,
womens,,,,
living,,,,
top,,,,
xmas,,,,
boho,,,,
everything,,,,
farmhouse,,,,
adjustable,,,,
her,,,,
jar,,,,
law,,,,
scented,,,,
the,,,,
who,,,,
moms,,,,
set,,,,
under,,,,
apartment,,,,
yankee,,,,
old,,,,
mother's,,,,
elephant,,,,
lights,,,,
pink,,,,
things,,,,
battery,,,,
housewarming,,,,
cordless,,,,
de,,,,
girls,,,,
accessories,,,,
cottage,,,,
family,,,,
para,,,,
sister,,,,
large,,,,
a,,,,
girl,,,,
lantern,,,,
night,,,,
has,,,,
coquette,,,,
from,,,,
couples,,,,
clearance,,,,
amazon,,,,
year,,,,
female,,,,
gofts,,,,
green,,,,
last,,,,
neutral,,,,
velas,,,,
dimmable,,,,
friend,,,,
teen,,,,
dark,,,,
decorative,,,,
essentials,,,,
marble,,,,
adults,,,,
base,,,,
crystal,,,,
melter,,,,
minute,,,,
antique,,,,
cottagecore,,,,
daughter,,,,
have,,,,
heat,,,,
holders,,,,
lighting,,,,
decor;,,,,
decorations,,,,
floral,,,,
heater,,,,
height,,,,
melts,,,,
wedding,,,,
adult,,,,
bedside,,,,
core,,,,
dorm,,,,
practical,,,,
regalos,,,,
sets,,,,
women's,,,,
wood,,,,
couple,,,,
friends,,,,
girly,,,,
hostess,,,,
wall,,,,
bathroom,,,,
chic,,,,
mens,,,,
pretty,,,,
style,,,,
bulbs,,,,
burner,,,,
counter,,,,
good,,,,
operated,,,,
retro,,,,
that,,,,
wick,,,,
anthropologie,,,,
bulb,,,,
fairy,,,,
fragrance,,,,
fun,,,,
gufts,,,,
heating,,,,
must,,,,
presents,,,,
trendy,,,,
tulip,,,,
victorian,,,,
funky,,,,
melting,,,,
mini,,,,
nightstand,,,,
rustic,,,,
touch,,,,
trending,,,,
useful,,,,
wireless,,,,
aromatherapy,,,,
bedrooms,,,,
cheap,,,,
country,,,,
dollars,,,,
elegant,,,,
fall,,,,
haves,,,,
rose,,,,
tree,,,,
usb,,,,
wife,,,,
work,,,,
working,,,,
academia,,,,
aroma,,,,
auto,,,,
bath,,,,
ceramic,,,,
dimmer,,,,
floor,,,,
jars,,,,
older,,,,
rechargeable,,,,
silver,,,,
tall,,,,
tea,,,,
witchy,,,,
wooden,,,,
amber,,,,
body,,,,
flameless,,,,
idea,,,,
lampara,,,,
mushroom,,,,
off,,,,
over,,,,
shade,,,,
shut,,,,
someone,,,,
vanity,,,,
whimsical,,,,
works,,,,
bookshelf,,,,
casa,,,,
decir,,,,
decore,,,,
led,,,,
parents,,,,
plug,,,,
powered,,,,
sale,,,,
stuff,,,,
swap,,,,
calentador,,,,
classy,,,,
creative,,,,
dad,,,,
decoration,,,,
earthy,,,,
eclectic,,,,
host,,,,
items,,,,
lady,,,,
laws,,,,
marycele,,,,
moody,,,,
oil,,,,
stand,,,,
young,,,,
20s,,,,
better,,,,
candel,,,,
century,,,,
flowers,,,,
holiday,,,,
homes,,,,
household,,,,
"ideas,",,,,
kawaii,,,,
lily,,,,
mid,,,,
moon,,,,
mujer,,,,
navidad,,,,
pack,,,,
plate,,,,
remote,,,,
their,,,,
valentine's,,,,
valentines,,,,
ambient,,,,
art,,,,
blue,,,,
bow,,,,
bulk,,,,
butterfly,,,,
cashmere,,,,
decoracion,,,,
décor,,,,
electronic,,,,
fancy,,,,
fir,,,,
flame,,,,
goods,,,,
hippie,,,,
indoor,,,,
man,,,,
most,,,,
plant,,,,
popular,,,,
products,,,,
registry,,,,
rotating,,,,
salt,,,,
same,,,,
shabby,,,,
side,,,,
teens,,,,
want,,,,
your,,,,
$50.00,,,,
accents,,,,
beautiful,,,,
candy,,,,
carousel,,,,
cup,,,,
exchange,,,,
fire,,,,
gender,,,,
get,,,,
godonlif,,,,
goft,,,,
gothic,,,,
grandma,,,,
heated,,,,
hosting,,,,
hot,,,,
"lamp,",,,,
little,,,,
lovers,,,,
luxury,,,,
lámpara,,,,
making,,,,
money,,,,
present,,,,
purple,,,,
regalo,,,,
sconces,,,,
spa,,,,
stained,,,,
sunflower,,,,
thoughtful,,,,
what,,,,
window,,,,
you,,,,
70s,,,,
aesthetic;,,,,
atmosphere,,,,
basket,,,,
beauty,,,,
book,,,,
brass,,,,
bride,,,,
changing,,,,
clean,,,,
coastal,,,,
colorful,,,,
control,,,,
countertop,,,,
cow,,,,
deals,,,,
decors,,,,
disney,,,,
favorite,,,,
first,,,,
folding,,,,
funny,,,,
gardens,,,,
girlfriend,,,,
great,,,,
happy,,,,
hogar,,,,
hygge,,,,
it,,,,
ladies,,,,
lamo,,,,
lampshade,,,,
lanterns,,,,
metal,,,,
mother-in-law,,,,
mother’s,,,,
natural,,,,
nice,,,,
niece,,,,
organic,,,,
pocket,,,,
reading,,,,
red,,,,
relaxing,,,,
scandinavian,,,,
scent,,,,
scentsy,,,,
smart,,,,
start,,,,
stay,,,,
tealight,,,,
teenage,,,,
tiffany,,,,
"timer,",,,,
timers,,,,
valentine,,,,
wamer,,,,
winter,,,,
30s,,,,
accent,,,,
alexa,,,,
all,,,,
anthropology,,,,
aromáticas,,,,
artsy,,,,
beachy,,,,
beige,,,,
big,,,,
bougie,,,,
box,,,,
briever,,,,
bronze,,,,
candlewarmer,,,,
care,,,,
cherry,,,,
college,,,,
color,,,,
cozyberry,,,,
cream,,,,
cupcakes,,,,
custom,,,,
decoración,,,,
delivery,,,,
dollar,,,,
dupes,,,,
eccentric,,,,
extra,,,,
finds,,,,
fireplace,,,,
geezo,,,,
gifta,,,,
glow,,,,
graduation,,,,
halloween,,,,
heart,,,,
hummingbird,,,,
la,,,,
lanp,,,,
lava,,,,
lavender,,,,
le,,,,
lighted,,,,
loowoko,,,,
love,,,,
mama,,,,
masculine,,,,
meyers,,,,
mikasa,,,,
mil,,,,
minimalist,,,,
nursery,,,,
people,,,,
perfect,,,,
premium,,,,
quirky,,,,
santa,,,,
secret,,,,
sexy,,,,
skjrvrh,,,,
sokcvsea,,,,
stands,,,,
story,,,,
unisex,,,,
urban,,,,
use,,,,
valley,,,,
vela,,,,
watmer,,,,
western,,,,
whimsigoth,,,,
witch,,,,
womans,,,,