ËØçËØ≠,Âá∫Áé∞È¢ëÊ¨°,,,
candle,"1,661 ",,,
gifts,"1,573 ",,,
lamp,"1,492 ",,,
warmer,"1,211 ",,,
decor,"1,177 ",,,
gift,612 ,,,
christmas,605 ,,,
women,548 ,,,
home,511 ,,,
room,288 ,,,
mom,262 ,,,
bedroom,256 ,,,
wax,245 ,,,
candles,208 ,,,
ideas,192 ,,,
lamps,192 ,,,
light,169 ,,,
timer,153 ,,,
aesthetic,151 ,,,
cute,147 ,,,
vintage,147 ,,,
day,137 ,,,
best,135 ,,,
birthday,134 ,,,
unique,129 ,,,
house,121 ,,,
table,116 ,,,
new,105 ,,,
flower,104 ,,,
kitchen,95 ,,,
desk,92 ,,,
electric,90 ,,,
office,80 ,,,
small,80 ,,,
cozy,79 ,,,
gold,79 ,,,
holder,76 ,,,
mother,75 ,,,
woman,75 ,,,
cool,71 ,,,
black,65 ,,,
glass,62 ,,,
warming,62 ,,,
modern,61 ,,,
mothers,60 ,,,
warm,60 ,,,
white,60 ,,,
melt,56 ,,,
men,53 ,,,
warmers,53 ,,,
womens,53 ,,,
living,52 ,,,
top,52 ,,,
xmas,52 ,,,
boho,50 ,,,
everything,50 ,,,
farmhouse,50 ,,,
adjustable,48 ,,,
her,48 ,,,
jar,48 ,,,
law,48 ,,,
scented,48 ,,,
the,48 ,,,
who,48 ,,,
moms,46 ,,,
set,45 ,,,
under,45 ,,,
apartment,44 ,,,
yankee,43 ,,,
old,41 ,,,
mother's,40 ,,,
elephant,39 ,,,
lights,39 ,,,
pink,39 ,,,
things,39 ,,,
battery,38 ,,,
housewarming,38 ,,,
cordless,37 ,,,
de,36 ,,,
girls,36 ,,,
accessories,35 ,,,
cottage,35 ,,,
family,35 ,,,
para,35 ,,,
sister,35 ,,,
large,34 ,,,
a,33 ,,,
girl,33 ,,,
lantern,33 ,,,
night,33 ,,,
has,32 ,,,
coquette,30 ,,,
from,30 ,,,
couples,29 ,,,
clearance,28 ,,,
amazon,27 ,,,
year,27 ,,,
female,26 ,,,
gofts,26 ,,,
green,26 ,,,
last,26 ,,,
neutral,26 ,,,
velas,26 ,,,
dimmable,25 ,,,
friend,25 ,,,
teen,24 ,,,
dark,23 ,,,
decorative,23 ,,,
essentials,23 ,,,
marble,23 ,,,
adults,22 ,,,
base,22 ,,,
crystal,22 ,,,
melter,22 ,,,
minute,22 ,,,
antique,21 ,,,
cottagecore,21 ,,,
daughter,21 ,,,
have,21 ,,,
heat,21 ,,,
holders,21 ,,,
lighting,21 ,,,
decor;,20 ,,,
decorations,20 ,,,
floral,20 ,,,
heater,20 ,,,
height,20 ,,,
melts,20 ,,,
wedding,20 ,,,
adult,19 ,,,
bedside,19 ,,,
core,19 ,,,
dorm,19 ,,,
practical,19 ,,,
regalos,19 ,,,
sets,19 ,,,
women's,19 ,,,
wood,19 ,,,
couple,18 ,,,
friends,18 ,,,
girly,18 ,,,
hostess,18 ,,,
wall,18 ,,,
bathroom,17 ,,,
chic,17 ,,,
mens,17 ,,,
pretty,17 ,,,
style,17 ,,,
bulbs,16 ,,,
burner,16 ,,,
counter,16 ,,,
good,16 ,,,
operated,16 ,,,
retro,16 ,,,
that,16 ,,,
wick,16 ,,,
anthropologie,15 ,,,
bulb,15 ,,,
fairy,15 ,,,
fragrance,15 ,,,
fun,15 ,,,
gufts,15 ,,,
heating,15 ,,,
must,15 ,,,
presents,15 ,,,
trendy,15 ,,,
tulip,15 ,,,
victorian,15 ,,,
funky,14 ,,,
melting,14 ,,,
mini,14 ,,,
nightstand,14 ,,,
rustic,14 ,,,
touch,14 ,,,
trending,14 ,,,
useful,14 ,,,
wireless,14 ,,,
aromatherapy,13 ,,,
bedrooms,13 ,,,
cheap,13 ,,,
country,13 ,,,
dollars,13 ,,,
elegant,13 ,,,
fall,13 ,,,
haves,13 ,,,
rose,13 ,,,
tree,13 ,,,
usb,13 ,,,
wife,13 ,,,
work,13 ,,,
working,13 ,,,
academia,12 ,,,
aroma,12 ,,,
auto,12 ,,,
bath,12 ,,,
ceramic,12 ,,,
dimmer,12 ,,,
floor,12 ,,,
jars,12 ,,,
older,12 ,,,
rechargeable,12 ,,,
silver,12 ,,,
tall,12 ,,,
tea,12 ,,,
witchy,12 ,,,
wooden,12 ,,,
amber,11 ,,,
body,11 ,,,
flameless,11 ,,,
idea,11 ,,,
lampara,11 ,,,
mushroom,11 ,,,
off,11 ,,,
over,11 ,,,
shade,11 ,,,
shut,11 ,,,
someone,11 ,,,
vanity,11 ,,,
whimsical,11 ,,,
works,11 ,,,
bookshelf,10 ,,,
casa,10 ,,,
decir,10 ,,,
decore,10 ,,,
led,10 ,,,
parents,10 ,,,
plug,10 ,,,
powered,10 ,,,
sale,10 ,,,
stuff,10 ,,,
swap,10 ,,,
calentador,9 ,,,
classy,9 ,,,
creative,9 ,,,
dad,9 ,,,
decoration,9 ,,,
earthy,9 ,,,
eclectic,9 ,,,
host,9 ,,,
items,9 ,,,
lady,9 ,,,
laws,9 ,,,
marycele,9 ,,,
moody,9 ,,,
oil,9 ,,,
stand,9 ,,,
young,9 ,,,
20s,8 ,,,
better,8 ,,,
candel,8 ,,,
century,8 ,,,
flowers,8 ,,,
holiday,8 ,,,
homes,8 ,,,
household,8 ,,,
"ideas,",8 ,,,
kawaii,8 ,,,
lily,8 ,,,
mid,8 ,,,
moon,8 ,,,
mujer,8 ,,,
navidad,8 ,,,
pack,8 ,,,
plate,8 ,,,
remote,8 ,,,
their,8 ,,,
valentine's,8 ,,,
valentines,8 ,,,
ambient,7 ,,,
art,7 ,,,
blue,7 ,,,
bow,7 ,,,
bulk,7 ,,,
butterfly,7 ,,,
cashmere,7 ,,,
decoracion,7 ,,,
d√©cor,7 ,,,
electronic,7 ,,,
fancy,7 ,,,
fir,7 ,,,
flame,7 ,,,
goods,7 ,,,
hippie,7 ,,,
indoor,7 ,,,
man,7 ,,,
most,7 ,,,
plant,7 ,,,
popular,7 ,,,
products,7 ,,,
registry,7 ,,,
rotating,7 ,,,
salt,7 ,,,
same,7 ,,,
shabby,7 ,,,
side,7 ,,,
teens,7 ,,,
want,7 ,,,
your,7 ,,,
$50,6 ,,,
accents,6 ,,,
beautiful,6 ,,,
candy,6 ,,,
carousel,6 ,,,
cup,6 ,,,
exchange,6 ,,,
fire,6 ,,,
gender,6 ,,,
get,6 ,,,
godonlif,6 ,,,
goft,6 ,,,
gothic,6 ,,,
grandma,6 ,,,
heated,6 ,,,
hosting,6 ,,,
hot,6 ,,,
"lamp,",6 ,,,
little,6 ,,,
lovers,6 ,,,
luxury,6 ,,,
l√°mpara,6 ,,,
making,6 ,,,
money,6 ,,,
present,6 ,,,
purple,6 ,,,
regalo,6 ,,,
sconces,6 ,,,
spa,6 ,,,
stained,6 ,,,
sunflower,6 ,,,
thoughtful,6 ,,,
what,6 ,,,
window,6 ,,,
you,6 ,,,
70s,5 ,,,
aesthetic;,5 ,,,
atmosphere,5 ,,,
basket,5 ,,,
beauty,5 ,,,
book,5 ,,,
brass,5 ,,,
bride,5 ,,,
changing,5 ,,,
clean,5 ,,,
coastal,5 ,,,
colorful,5 ,,,
control,5 ,,,
countertop,5 ,,,
cow,5 ,,,
deals,5 ,,,
decors,5 ,,,
disney,5 ,,,
favorite,5 ,,,
first,5 ,,,
folding,5 ,,,
funny,5 ,,,
gardens,5 ,,,
girlfriend,5 ,,,
great,5 ,,,
happy,5 ,,,
hogar,5 ,,,
hygge,5 ,,,
it,5 ,,,
ladies,5 ,,,
lamo,5 ,,,
lampshade,5 ,,,
lanterns,5 ,,,
metal,5 ,,,
mother-in-law,5 ,,,
mother‚Äôs,5 ,,,
natural,5 ,,,
nice,5 ,,,
niece,5 ,,,
organic,5 ,,,
pocket,5 ,,,
reading,5 ,,,
red,5 ,,,
relaxing,5 ,,,
scandinavian,5 ,,,
scent,5 ,,,
scentsy,5 ,,,
smart,5 ,,,
start,5 ,,,
stay,5 ,,,
tealight,5 ,,,
teenage,5 ,,,
tiffany,5 ,,,
"timer,",5 ,,,
timers,5 ,,,
valentine,5 ,,,
wamer,5 ,,,
winter,5 ,,,
30s,4 ,,,
accent,4 ,,,
alexa,4 ,,,
all,4 ,,,
anthropology,4 ,,,
arom√°ticas,4 ,,,
artsy,4 ,,,
beachy,4 ,,,
beige,4 ,,,
big,4 ,,,
bougie,4 ,,,
box,4 ,,,
briever,4 ,,,
bronze,4 ,,,
candlewarmer,4 ,,,
care,4 ,,,
cherry,4 ,,,
college,4 ,,,
color,4 ,,,
cozyberry,4 ,,,
cream,4 ,,,
cupcakes,4 ,,,
custom,4 ,,,
decoraci√≥n,4 ,,,
delivery,4 ,,,
dollar,4 ,,,
dupes,4 ,,,
eccentric,4 ,,,
extra,4 ,,,
finds,4 ,,,
fireplace,4 ,,,
geezo,4 ,,,
gifta,4 ,,,
glow,4 ,,,
graduation,4 ,,,
halloween,4 ,,,
heart,4 ,,,
hummingbird,4 ,,,
la,4 ,,,
lanp,4 ,,,
lava,4 ,,,
lavender,4 ,,,
le,4 ,,,
lighted,4 ,,,
loowoko,4 ,,,
love,4 ,,,
mama,4 ,,,
masculine,4 ,,,
meyers,4 ,,,
mikasa,4 ,,,
mil,4 ,,,
minimalist,4 ,,,
nursery,4 ,,,
people,4 ,,,
perfect,4 ,,,
premium,4 ,,,
quirky,4 ,,,
santa,4 ,,,
secret,4 ,,,
sexy,4 ,,,
skjrvrh,4 ,,,
sokcvsea,4 ,,,
stands,4 ,,,
story,4 ,,,
unisex,4 ,,,
urban,4 ,,,
use,4 ,,,
valley,4 ,,,
vela,4 ,,,
watmer,4 ,,,
western,4 ,,,
whimsigoth,4 ,,,
witch,4 ,,,
womans,4 ,,,
$40,3 ,,,
50$,3 ,,,
alternative,3 ,,,
aromaticas,3 ,,,
aunt,3 ,,,
bag,3 ,,,
ball,3 ,,,
bed,3 ,,,
boujee,3 ,,,
bubble,3 ,,,
burners,3 ,,,
burning,3 ,,,
c,3 ,,,
candlestick,3 ,,,
cat,3 ,,,
centerpiece,3 ,,,
cera,3 ,,,
chritmas,3 ,,,
coffee,3 ,,,
company,3 ,,,
copper,3 ,,,
cover,3 ,,,
craft,3 ,,,
cube,3 ,,,
daughters,3 ,,,
deco,3 ,,,
deocr,3 ,,,
depression,3 ,,,
devor,3 ,,,
diffuser,3 ,,,
dining,3 ,,,
dish,3 ,,,
distance,3 ,,,
donut,3 ,,,
dor,3 ,,,
downtown,3 ,,,
dresser,3 ,,,
el,3 ,,,
engpure,3 ,,,
entry,3 ,,,
esthetician,3 ,,,
eve,3 ,,,
farm,3 ,,,
father,3 ,,,
feminine,3 ,,,
flamingo,3 ,,,
french,3 ,,,
function,3 ,,,
functional,3 ,,,
funistree,3 ,,,
ghibli,3 ,,,
gidts,3 ,,,
giftsÔøº,3 ,,,
girfts,3 ,,,
grinch,3 ,,,
guide,3 ,,,
harry,3 ,,,
hestia,3 ,,,
hold,3 ,,,
homeowner,3 ,,,
homeowners,3 ,,,
hurricane,3 ,,,
interesting,3 ,,,
iron,3 ,,,
kerosene,3 ,,,
kindle,3 ,,,
kit,3 ,,,
korean,3 ,,,
lam,3 ,,,
lightbulb,3 ,,,
lilly,3 ,,,
lisunar,3 ,,,
lover,3 ,,,
luxe,3 ,,,
malbella,3 ,,,
mas,3 ,,,
maximalist,3 ,,,
men's,3 ,,,
mesa,3 ,,,
mo,3 ,,,
mon,3 ,,,
mug,3 ,,,
nature,3 ,,,
neighbor,3 ,,,
neighbors,3 ,,,
next,3 ,,,
one,3 ,,,
outfitters,3 ,,,
paper,3 ,,,
paraffin,3 ,,,
picture,3 ,,,
port,3 ,,,
portable,3 ,,,
pot,3 ,,,
rgb,3 ,,,
romantic,3 ,,,
scalloped,3 ,,,
sconce,3 ,,,
seasonal,3 ,,,
seenlast,3 ,,,
self,3 ,,,
sellers,3 ,,,
shades,3 ,,,
shaped,3 ,,,
shelf,3 ,,,
shell,3 ,,,
shower,3 ,,,
sisters,3 ,,,
sleep,3 ,,,
snow,3 ,,,
spaces,3 ,,,
spinning,3 ,,,
studio,3 ,,,
supplies,3 ,,,
sweet,3 ,,,
teal,3 ,,,
thing,3 ,,,
thinking,3 ,,,
tigqiang,3 ,,,
today,3 ,,,
traditional,3 ,,,
vase,3 ,,,
volcano,3 ,,,
voluspa,3 ,,,
warehouse,3 ,,,
warmee,3 ,,,
"warmer,",3 ,,,
warmwr,3 ,,,
warner,3 ,,,
water,3 ,,,
wellness,3 ,,,
wickless,3 ,,,
"women,",3 ,,,
x,3 ,,,
y,3 ,,,
y2k,3 ,,,
years,3 ,,,
,2 ,,,
$30,2 ,,,
50th,2 ,,,
50w,2 ,,,
60s,2 ,,,
accessory,2 ,,,
actually,2 ,,,
aikut,2 ,,,
allowance,2 ,,,
alone,2 ,,,
always,2 ,,,
ambiance,2 ,,,
ambience,2 ,,,
angel,2 ,,,
anniversary,2 ,,,
aodovoz,2 ,,,
apartments,2 ,,,
appliances,2 ,,,
arriving,2 ,,,
attachment,2 ,,,
automatic,2 ,,,
baccarat,2 ,,,
banner,2 ,,,
bday,2 ,,,
beach,2 ,,,
bear,2 ,,,
beginnings,2 ,,,
berry,2 ,,,
besides,2 ,,,
birth,2 ,,,
bithday,2 ,,,
blossom,2 ,,,
boho;,2 ,,,
boss,2 ,,,
bosses,2 ,,,
boyfriends,2 ,,,
boys,2 ,,,
bridal,2 ,,,
bridesmaid,2 ,,,
brown,2 ,,,
buy,2 ,,,
cabdle,2 ,,,
cabrheart,2 ,,,
cadle,2 ,,,
cain,2 ,,,
calentadora,2 ,,,
camdle,2 ,,,
can,2 ,,,
candela,2 ,,,
candelabra,2 ,,,
candelabros,2 ,,,
candeldo,2 ,,,
candke,2 ,,,
candleholders,2 ,,,
card,2 ,,,
centerpieces,2 ,,,
charging,2 ,,,
checkered,2 ,,,
cheetah,2 ,,,
cheistmas,2 ,,,
chimes,2 ,,,
chrismas,2 ,,,
christma,2 ,,,
classic,2 ,,,
clear,2 ,,,
clever,2 ,,,
clip,2 ,,,
cloche,2 ,,,
cloud,2 ,,,
co,2 ,,,
collection,2 ,,,
coolest,2 ,,,
copinpin,2 ,,,
crock,2 ,,,
cumplea√±os,2 ,,,
cupcake,2 ,,,
customized,2 ,,,
dexor,2 ,,,
diptyque,2 ,,,
diy,2 ,,,
down,2 ,,,
dragonfly,2 ,,,
dream,2 ,,,
eandisom,2 ,,,
easter,2 ,,,
elderly,2 ,,,
electrico,2 ,,,
elle,2 ,,,
emerald,2 ,,,
engagement,2 ,,,
entertaining,2 ,,,
entryway,2 ,,,
etc,2 ,,,
ethereal,2 ,,,
everyone,2 ,,,
expensive,2 ,,,
fairycore,2 ,,,
families,2 ,,,
fantasy,2 ,,,
favorites,2 ,,,
finpot,2 ,,,
foe,2 ,,,
frame,2 ,,,
friday,2 ,,,
fruit,2 ,,,
furniture,2 ,,,
gadgets,2 ,,,
garden,2 ,,,
gen,2 ,,,
giant,2 ,,,
gifted,2 ,,,
gifys,2 ,,,
ginger,2 ,,,
girts,2 ,,,
globe,2 ,,,
goloza,2 ,,,
goth,2 ,,,
grab,2 ,,,
grey,2 ,,,
groom,2 ,,,
guft,2 ,,,
guys,2 ,,,
hairdresser,2 ,,,
halo,2 ,,,
hand,2 ,,,
handmade,2 ,,,
handy,2 ,,,
healthy,2 ,,,
heaters,2 ,,,
hifts,2 ,,,
hime,2 ,,,
holistic,2 ,,,
homebody,2 ,,,
homewarming,2 ,,,
honvinor,2 ,,,
housesapp,2 ,,,
i,2 ,,,
imenlox,2 ,,,
improvement,2 ,,,
included,2 ,,,
interior,2 ,,,
iridescent,2 ,,,
jolie,2 ,,,
kaakuuki,2 ,,,
kadrama,2 ,,,
keychain,2 ,,,
kids,2 ,,,
kll,2 ,,,
knacks,2 ,,,
knick,2 ,,,
kom,2 ,,,
labo,2 ,,,
lamparas,2 ,,,
lampshades,2 ,,,
lampÔøº,2 ,,,
lanps,2 ,,,
last-minute,2 ,,,
leg,2 ,,,
letter,2 ,,,
library,2 ,,,
life,2 ,,,
linen,2 ,,,
list,2 ,,,
literary,2 ,,,
lmap,2 ,,,
long,2 ,,,
lotus,2 ,,,
loves,2 ,,,
l√°mparas,2 ,,,
made,2 ,,,
makytwow,2 ,,,
maoyue,2 ,,,
martini,2 ,,,
massage,2 ,,,
master,2 ,,,
melters,2 ,,,
miffy,2 ,,,
mike,2 ,,,
minutes,2 ,,,
mirror,2 ,,,
mocalido,2 ,,,
modest,2 ,,,
mom',2 ,,,
mom's,2 ,,,
mother‚Äòs,2 ,,,
mouse,2 ,,,
mrs,2 ,,,
muse,2 ,,,
nancy,2 ,,,
naughty,2 ,,,
neck,2 ,,,
needs,2 ,,,
nickel,2 ,,,
no,2 ,,,
non,2 ,,,
nouveau,2 ,,,
novamer,2 ,,,
novelty,2 ,,,
nvrgiup,2 ,,,
olor,2 ,,,
orange,2 ,,,
original,2 ,,,
ornate,2 ,,,
our,2 ,,,
outdoor,2 ,,,
owl,2 ,,,
owner,2 ,,,
package,2 ,,,
pad,2 ,,,
pagan,2 ,,,
paris,2 ,,,
party,2 ,,,
penavega,2 ,,,
photo,2 ,,,
place,2 ,,,
pleated,2 ,,,
potpourri,2 ,,,
potter,2 ,,,
preppy,2 ,,,
pressed,2 ,,,
projector,2 ,,,
qoyntuer,2 ,,,
quemador,2 ,,,
rain,2 ,,,
range,2 ,,,
rated,2 ,,,
rattan,2 ,,,
real,2 ,,,
relaxation,2 ,,,
releases,2 ,,,
roommate,2 ,,,
rotary,2 ,,,
rouge,2 ,,,
sage,2 ,,,
sales,2 ,,,
school,2 ,,,
secretary,2 ,,,
selling,2 ,,,
sentimental,2 ,,,
shape,2 ,,,
sister-in-law,2 ,,,
snoopy,2 ,,,
soilsiu,2 ,,,
sophisticated,2 ,,,
stanley,2 ,,,
star,2 ,,,
station,2 ,,,
step,2 ,,,
stick,2 ,,,
stone,2 ,,,
strawberry,2 ,,,
stress,2 ,,,
summer,2 ,,,
sun,2 ,,,
swing,2 ,,,
tables,2 ,,,
tap,2 ,,,
tart,2 ,,,
taylor,2 ,,,
tech,2 ,,,
thanksgiving,2 ,,,
themed,2 ,,,
time,2 ,,,
timer:,2 ,,,
timing,2 ,,,
toacsucp,2 ,,,
tomorrow,2 ,,,
topper,2 ,,,
tortoise,2 ,,,
toxic,2 ,,,
trademark,2 ,,,
transitional,2 ,,,
tray,2 ,,,
tween,2 ,,,
ulg,2 ,,,
uncle,2 ,,,
up,2 ,,,
used,2 ,,,
vanilla,2 ,,,
viral,2 ,,,
w,2 ,,,
warme,2 ,,,
warmerÔøº,2 ,,,
waxing,2 ,,,
well,2 ,,,
wildflower,2 ,,,
wind,2 ,,,
women‚Äôs,2 ,,,
wonen,2 ,,,
woods,2 ,,,
wrapping,2 ,,,
wrmer,2 ,,,
wrought,2 ,,,
xjzjy,2 ,,,
yarra,2 ,,,
yr,2 ,,,
yuichoy,2 ,,,
z,2 ,,,
zen,2 ,,,
zukakii,2 ,,,
"""christmas",1 ,,,
$20,1 ,,,
$25,1 ,,,
$35,1 ,,,
$75,1 ,,,
'twas,1 ,,,
--wdqdwqdqw,1 ,,,
-asdfgghj,1 ,,,
-bvhfvufbvf,1 ,,,
-candlewarmer,1 ,,,
-fkjghdxgj,1 ,,,
-ghdgdgfgf,1 ,,,
-gjhjfghh,1 ,,,
-kjfdshfjdsk,1 ,,,
-nb√∂vbnc,1 ,,,
-nmjhytrfdes,1 ,,,
-skechers,1 ,,,
-yghunhnuh,1 ,,,
110v,1 ,,,
17-20,1 ,,,
17th,1 ,,,
180¬∞,1 ,,,
1950s,1 ,,,
1canoe2,1 ,,,
1floor,1 ,,,
2-in-1,1 ,,,
2-pack,1 ,,,
20-,1 ,,,
20-25,1 ,,,
25.00,1 ,,,
2candle,1 ,,,
3-,1 ,,,
3-wick,1 ,,,
3.7,1 ,,,
30's,1 ,,,
30th,1 ,,,
35.00,1 ,,,
3wick,1 ,,,
40s,1 ,,,
500plus,1 ,,,
60th,1 ,,,
75%,1 ,,,
?,1 ,,,
[holders],1 ,,,
abigwhale,1 ,,,
abra,1 ,,,
abstract,1 ,,,
abuela,1 ,,,
acubi,1 ,,,
ade's,1 ,,,
adjust,1 ,,,
adjustab,1 ,,,
adler,1 ,,,
adolescentes,1 ,,,
adviento,1 ,,,
aerolux,1 ,,,
aesthetician,1 ,,,
age,1 ,,,
aged,1 ,,,
aifei,1 ,,,
aimoptg,1 ,,,
air,1 ,,,
aister,1 ,,,
alabaster,1 ,,,
alice,1 ,,,
allowancek,1 ,,,
alo,1 ,,,
alpharan,1 ,,,
alt,1 ,,,
alver,1 ,,,
amata,1 ,,,
amaz√≤n,1 ,,,
amethyst,1 ,,,
amigas,1 ,,,
an,1 ,,,
andady,1 ,,,
andle,1 ,,,
animal,1 ,,,
anne,1 ,,,
anthro,1 ,,,
anthropolgie,1 ,,,
antiques,1 ,,,
antisocial,1 ,,,
antoinette,1 ,,,
anyone,1 ,,,
aofmee,1 ,,,
aoy-766,1 ,,,
aphrodite,1 ,,,
apothecary,1 ,,,
app,1 ,,,
apple,1 ,,,
architects,1 ,,,
architectural,1 ,,,
arom√°tica,1 ,,,
art;,1 ,,,
artin-x,1 ,,,
artistic,1 ,,,
assisted,1 ,,,
asthetic,1 ,,,
atcesa,1 ,,,
atmospheric,1 ,,,
auelife,1 ,,,
auntie,1 ,,,
aurora,1 ,,,
australia,1 ,,,
autumn,1 ,,,
awesome,1 ,,,
b,1 ,,,
b0cjtdcnmz,1 ,,,
b0ctjgjl2t,1 ,,,
babies,1 ,,,
back,1 ,,,
bad,1 ,,,
bags,1 ,,,
baker,1 ,,,
balcony,1 ,,,
baltic,1 ,,,
banbanda,1 ,,,
baratos,1 ,,,
barefoot,1 ,,,
barn,1 ,,,
based,1 ,,,
bases,1 ,,,
baubuy,1 ,,,
bauhaus,1 ,,,
bayberry,1 ,,,
beaded,1 ,,,
"bedroom,",1 ,,,
bee,1 ,,,
bekind,1 ,,,
belle,1 ,,,
benkri,1 ,,,
bereavement,1 ,,,
beside,1 ,,,
bestfriend,1 ,,,
bestie,1 ,,,
bf,1 ,,,
bff,1 ,,,
bhouse,1 ,,,
bigkjybc,1 ,,,
blackyuichoy,1 ,,,
blanks,1 ,,,
bling,1 ,,,
blowing,1 ,,,
bobolyn,1 ,,,
bohemian,1 ,,,
bonsai,1 ,,,
bonus,1 ,,,
bookish,1 ,,,
booklovers,1 ,,,
boss's,1 ,,,
botanical,1 ,,,
bottom,1 ,,,
bowls,1 ,,,
boy,1 ,,,
bracelet,1 ,,,
breads,1 ,,,
break-in,1 ,,,
breville,1 ,,,
brevity,1 ,,,
bridesmaids,1 ,,,
bridgerton,1 ,,,
bright,1 ,,,
brightness,1 ,,,
brother,1 ,,,
brothers,1 ,,,
brushed,1 ,,,
bstrip,1 ,,,
bud,1 ,,,
bunco,1 ,,,
burgundy,1 ,,,
burn,1 ,,,
business,1 ,,,
bust,1 ,,,
button,1 ,,,
bwrethay,1 ,,,
ca,1 ,,,
cabela's,1 ,,,
cabin,1 ,,,
cactus,1 ,,,
caddy,1 ,,,
cadeaux,1 ,,,
cafzed,1 ,,,
cake,1 ,,,
calcifer,1 ,,,
calendario,1 ,,,
calentar,1 ,,,
calentines,1 ,,,
calla,1 ,,,
calming,1 ,,,
calpak,1 ,,,
camp,1 ,,,
camping,1 ,,,
cancle,1 ,,,
cand,1 ,,,
candal,1 ,,,
"candela,",1 ,,,
candelabrum,1 ,,,
candelas,1 ,,,
candelo,1 ,,,
candels,1 ,,,
candil,1 ,,,
"candle,",1 ,,,
candle.warmer,1 ,,,
candledo,1 ,,,
candleholder,1 ,,,
candlelight,1 ,,,
candler,1 ,,,
candlw,1 ,,,
canfle,1 ,,,
canldewarmer,1 ,,,
canle,1 ,,,
carlos,1 ,,,
catcher,1 ,,,
catchers,1 ,,,
cbuyya,1 ,,,
ceadoca,1 ,,,
celestial,1 ,,,
ceuku,1 ,,,
charcuterie,1 ,,,
cheer,1 ,,,
chest,1 ,,,
chick,1 ,,,
chicken,1 ,,,
chinese,1 ,,,
chiristmas,1 ,,,
chirstmas,1 ,,,
chocolate,1 ,,,
choice,1 ,,,
christian,1 ,,,
chrome,1 ,,,
church,1 ,,,
cinderella,1 ,,,
cinnamoroll,1 ,,,
classroom,1 ,,,
clearence,1 ,,,
client,1 ,,,
clients,1 ,,,
closeout,1 ,,,
clover,1 ,,,
cnadle,1 ,,,
cndle,1 ,,,
co-op,1 ,,,
cocobela,1 ,,,
cocotte,1 ,,,
cold,1 ,,,
colonial,1 ,,,
colored,1 ,,,
colors,1 ,,,
comfort,1 ,,,
comfrt,1 ,,,
comfy,1 ,,,
compatible,1 ,,,
comrade's,1 ,,,
concert,1 ,,,
controlled,1 ,,,
convenient,1 ,,,
cookie,1 ,,,
cooks,1 ,,,
coqutte,1 ,,,
cord,1 ,,,
corner,1 ,,,
corporate,1 ,,,
corta,1 ,,,
corvair,1 ,,,
cosmetology,1 ,,,
countdown,1 ,,,
couquette,1 ,,,
cozychic,1 ,,,
cozyhoome,1 ,,,
cozyplayer,1 ,,,
crafters,1 ,,,
cristal,1 ,,,
crochet,1 ,,,
croissant,1 ,,,
croquette,1 ,,,
crown,1 ,,,
crush,1 ,,,
crystals,1 ,,,
csndle,1 ,,,
ctw,1 ,,,
cuarto,1 ,,,
cubicle,1 ,,,
culinary,1 ,,,
customize,1 ,,,
cutee,1 ,,,
cutter,1 ,,,
cyanoe,1 ,,,
cyber,1 ,,,
cylindrical,1 ,,,
dads,1 ,,,
daily,1 ,,,
daisy,1 ,,,
daluxshop,1 ,,,
dancing,1 ,,,
date,1 ,,,
daybetter,1 ,,,
dayecor,1 ,,,
days,1 ,,,
deal,1 ,,,
debbie,1 ,,,
decoe,1 ,,,
decorativas,1 ,,,
decorativos,1 ,,,
decorÔøº,1 ,,,
decovesta,1 ,,,
decpr,1 ,,,
deer,1 ,,,
deliver,1 ,,,
derretidor,1 ,,,
derretir,1 ,,,
design,1 ,,,
designs,1 ,,,
desklamp,1 ,,,
dexnump,1 ,,,
dgift,1 ,,,
diamond,1 ,,,
diffusers,1 ,,,
dimable,1 ,,,
"dimmable,",1 ,,,
diva,1 ,,,
diwali,1 ,,,
diya,1 ,,,
do,1 ,,,
dog,1 ,,,
dolares,1 ,,,
dome,1 ,,,
doop,1 ,,,
door,1 ,,,
dot,1 ,,,
dots,1 ,,,
drcor,1 ,,,
dreams,1 ,,,
drew,1 ,,,
drip,1 ,,,
dry,1 ,,,
dsyan,1 ,,,
dubai,1 ,,,
duck,1 ,,,
dupe,1 ,,,
duty,1 ,,,
dw,1 ,,,
e-candle,1 ,,,
eafc,1 ,,,
earmer,1 ,,,
ebt,1 ,,,
ecolume,1 ,,,
edison,1 ,,,
egift,1 ,,,
egloo,1 ,,,
eiffel,1 ,,,
ejiaxin,1 ,,,
electricas,1 ,,,
elegantes,1 ,,,
elenhome,1 ,,,
elevate,1 ,,,
employees,1 ,,,
en,1 ,,,
english,1 ,,,
enjoy,1 ,,,
entertainment,1 ,,,
eomen,1 ,,,
erumpere,1 ,,,
espejos,1 ,,,
essence,1 ,,,
essential,1 ,,,
et,1 ,,,
ethal,1 ,,,
ethel,1 ,,,
euaonya,1 ,,,
european,1 ,,,
euvinev,1 ,,,
everlasting,1 ,,,
extended,1 ,,,
extinguisher,1 ,,,
extinguishing,1 ,,,
extractor,1 ,,,
f,1 ,,,
faith,1 ,,,
familia,1 ,,,
fashioned,1 ,,,
fatale,1 ,,,
females,1 ,,,
feminineÔøº,1 ,,,
feminist,1 ,,,
femme,1 ,,,
festival,1 ,,,
figurine,1 ,,,
figurines,1 ,,,
finder,1 ,,,
finish,1 ,,,
firemen,1 ,,,
fizzics,1 ,,,
flag,1 ,,,
flickering,1 ,,,
floating,1 ,,,
florida,1 ,,,
flower-shaped,1 ,,,
flowerl,1 ,,,
flowerlamp,1 ,,,
fluffy,1 ,,,
fluted,1 ,,,
flwoer,1 ,,,
flying,1 ,,,
fog,1 ,,,
fold,1 ,,,
foldable,1 ,,,
folkulture,1 ,,,
follower,1 ,,,
fontana,1 ,,,
fonton,1 ,,,
food,1 ,,,
forever,1 ,,,
formom,1 ,,,
fortnite,1 ,,,
forwomen,1 ,,,
fot,1 ,,,
fountain,1 ,,,
fountune,1 ,,,
fower,1 ,,,
frames,1 ,,,
framily,1 ,,,
frankiezhou,1 ,,,
friendly,1 ,,,
friendship,1 ,,,
fringe,1 ,,,
fro,1 ,,,
fstusm,1 ,,,
g,1 ,,,
gaines,1 ,,,
galaxy,1 ,,,
galss,1 ,,,
gamer,1 ,,,
gamers,1 ,,,
gantri,1 ,,,
generic,1 ,,,
german,1 ,,,
gerson,1 ,,,
gfits,1 ,,,
gifst,1 ,,,
gift\,1 ,,,
giftd,1 ,,,
giftdecor,1 ,,,
giftsfarm,1 ,,,
giftsfor,1 ,,,
gift„ÄÅ,1 ,,,
giraffe,1 ,,,
girfs,1 ,,,
girl's,1 ,,,
girlfriends,1 ,,,
glads,1 ,,,
glam,1 ,,,
glasshouse,1 ,,,
glen,1 ,,,
glopus,1 ,,,
glowing,1 ,,,
gnome,1 ,,,
gnomes,1 ,,,
go,1 ,,,
godinlif,1 ,,,
godts,1 ,,,
goer,1 ,,,
goose,1 ,,,
gourd,1 ,,,
goutool,1 ,,,
grace,1 ,,,
grand,1 ,,,
granddaughter,1 ,,,
grandmacore,1 ,,,
grandmillennial,1 ,,,
grandmother,1 ,,,
grandparents,1 ,,,
granola,1 ,,,
gray,1 ,,,
grommet,1 ,,,
groovy,1 ,,,
grow,1 ,,,
growing,1 ,,,
grunge,1 ,,,
gu10,1 ,,,
guest,1 ,,,
guitar,1 ,,,
gyrovu,1 ,,,
habitacion,1 ,,,
hairstylist,1 ,,,
half,1 ,,,
halogen,1 ,,,
hanukkah,1 ,,,
hard,1 ,,,
hasun,1 ,,,
hatch,1 ,,,
haul,1 ,,,
hawaii,1 ,,,
hear,1 ,,,
heartfelt,1 ,,,
heatlamp,1 ,,,
heatless,1 ,,,
heavy,1 ,,,
heekle,1 ,,,
henriehome,1 ,,,
hersheys,1 ,,,
hesendot,1 ,,,
hilarious,1 ,,,
him,1 ,,,
himalayan,1 ,,,
hisummer,1 ,,,
hltgc,1 ,,,
hobbies,1 ,,,
hochzeitsgeschenke,1 ,,,
hoke,1 ,,,
hole,1 ,,,
"home,",1 ,,,
homebodies,1 ,,,
homechoice,1 ,,,
homedecor,1 ,,,
homemaker,1 ,,,
homeopathic,1 ,,,
homesm,1 ,,,
homesteaders,1 ,,,
homesteading,1 ,,,
hometown,1 ,,,
homlyglow,1 ,,,
homr,1 ,,,
hone,1 ,,,
hong,1 ,,,
hongn,1 ,,,
hongzzi,1 ,,,
hoome,1 ,,,
hope,1 ,,,
horse,1 ,,,
hosts,1 ,,,
hotel,1 ,,,
hour,1 ,,,
housewaeming,1 ,,,
huge,1 ,,,
humor,1 ,,,
hydra,1 ,,,
hydralamp,1 ,,,
hyggelight,1 ,,,
hyleory,1 ,,,
hymalism,1 ,,,
ideaa,1 ,,,
ideal,1 ,,,
ideals,1 ,,,
ikea,1 ,,,
illuminology,1 ,,,
imissilleb,1 ,,,
in-laws,1 ,,,
indie,1 ,,,
industrial,1 ,,,
inexpensive,1 ,,,
influencer,1 ,,,
inlaw,1 ,,,
inlaws,1 ,,,
ins,1 ,,,
inside,1 ,,,
inspirational,1 ,,,
inspire,1 ,,,
inspired,1 ,,,
instant,1 ,,,
interiors,1 ,,,
intertek,1 ,,,
is,1 ,,,
ish,1 ,,,
jackyled,1 ,,,
jadore,1 ,,,
japandi,1 ,,,
japanese,1 ,,,
jcjazh,1 ,,,
jellyfel,1 ,,,
jellyfish,1 ,,,
jemesi,1 ,,,
jesus,1 ,,,
jewel,1 ,,,
jewelry,1 ,,,
jitem,1 ,,,
joanna,1 ,,,
job,1 ,,,
jonathan,1 ,,,
joy,1 ,,,
jugos,1 ,,,
just,1 ,,,
kar,1 ,,,
kayali,1 ,,,
keep,1 ,,,
keeper,1 ,,,
kin,1 ,,,
kinbom,1 ,,,
kinder,1 ,,,
kioqo,1 ,,,
kirklands,1 ,,,
kitschy,1 ,,,
kitty,1 ,,,
kobodon,1 ,,,
kpbotl,1 ,,,
kunruitai,1 ,,,
lab,1 ,,,
laba,1 ,,,
lace,1 ,,,
ladies',1 ,,,
lajoliemuse,1 ,,,
lake,1 ,,,
lakp,1 ,,,
lamp',1 ,,,
"lamp,cute",1 ,,,
"lamp,upgrade",1 ,,,
"lamp,with",1 ,,,
lamp--dimmable,1 ,,,
lamp.,1 ,,,
lamp\,1 ,,,
lampb,1 ,,,
"lamps,",1 ,,,
lampsÔøº,1 ,,,
lamsp,1 ,,,
lanten,1 ,,,
lash,1 ,,,
laundry,1 ,,,
lawyer,1 ,,,
lds,1 ,,,
lego,1 ,,,
leoben,1 ,,,
lesbian,1 ,,,
less,1 ,,,
liene,1 ,,,
ligh,1 ,,,
lightning,1 ,,,
lighty,1 ,,,
like,1 ,,,
lilac,1 ,,,
line,1 ,,,
liquid,1 ,,,
lite,1 ,,,
live,1 ,,,
lived,1 ,,,
livingroom,1 ,,,
llama,1 ,,,
lobby,1 ,,,
lococo,1 ,,,
loftek,1 ,,,
look,1 ,,,
looking,1 ,,,
lotr,1 ,,,
loved,1 ,,,
low,1 ,,,
lukasa,1 ,,,
lulu,1 ,,,
lumibird,1 ,,,
lumiworks,1 ,,,
lunar,1 ,,,
lupus,1 ,,,
luvkczc,1 ,,,
lux,1 ,,,
luzdiosa,1 ,,,
mabella,1 ,,,
macintosh,1 ,,,
macrame,1 ,,,
madres,1 ,,,
magcharm,1 ,,,
magnolia,1 ,,,
male,1 ,,,
mam√°,1 ,,,
mandu,1 ,,,
mansa,1 ,,,
mantle,1 ,,,
marcelle,1 ,,,
marie,1 ,,,
marlo,1 ,,,
marriage,1 ,,,
married,1 ,,,
marvel,1 ,,,
marwer,1 ,,,
marylin,1 ,,,
mason,1 ,,,
material,1 ,,,
matte,1 ,,,
mature,1 ,,,
mcm,1 ,,,
meaningful,1 ,,,
medieval,1 ,,,
meditation,1 ,,,
mehoom,1 ,,,
meixisue,1 ,,,
melted,1 ,,,
menards,1 ,,,
mentor,1 ,,,
merch,1 ,,,
messy,1 ,,,
metaphysical,1 ,,,
meyer,1 ,,,
mickey,1 ,,,
middle,1 ,,,
midwife,1 ,,,
milk,1 ,,,
millenial,1 ,,,
miller,1 ,,,
mim,1 ,,,
min,1 ,,,
mindful,1 ,,,
minibrands,1 ,,,
minimalistic,1 ,,,
minimalists,1 ,,,
mishroom,1 ,,,
mkm,1 ,,,
mo.,1 ,,,
mobile,1 ,,,
mocosa,1 ,,,
moderna,1 ,,,
modes,1 ,,,
moghers,1 ,,,
mok,1 ,,,
molten,1 ,,,
"mom,",1 ,,,
momm,1 ,,,
monday,1 ,,,
monesali,1 ,,,
monroe,1 ,,,
monthers,1 ,,,
mood,1 ,,,
moons,1 ,,,
mordern,1 ,,,
morgan,1 ,,,
morher,1 ,,,
morning,1 ,,,
moroccan,1 ,,,
motion,1 ,,,
mount,1 ,,,
mr,1 ,,,
mud,1 ,,,
mujeres,1 ,,,
multi-color,1 ,,,
multi-use,1 ,,,
my,1 ,,,
myself,1 ,,,
mystical,1 ,,,
nasa,1 ,,,
navide√±o,1 ,,,
navide√±os,1 ,,,
navy,1 ,,,
nawaza,1 ,,,
neat,1 ,,,
necessities,1 ,,,
nerdy,1 ,,,
nest,1 ,,,
netflix,1 ,,,
newlywed,1 ,,,
newlyweds,1 ,,,
nicole,1 ,,,
nightlight,1 ,,,
niven,1 ,,,
ni√±as,1 ,,,
noche,1 ,,,
nonvjj,1 ,,,
nook,1 ,,,
nordic,1 ,,,
north,1 ,,,
northern,1 ,,,
nostalgic,1 ,,,
nothing,1 ,,,
nuclear,1 ,,,
nuns,1 ,,,
nuptio,1 ,,,
objects,1 ,,,
officgift,1 ,,,
official,1 ,,,
ogacfo,1 ,,,
onewish,1 ,,,
only,1 ,,,
oowoko,1 ,,,
option,1 ,,,
orchid,1 ,,,
oregon,1 ,,,
organizer,1 ,,,
ornament,1 ,,,
ornaments,1 ,,,
overhead,1 ,,,
owners,1 ,,,
owot,1 ,,,
oz,1 ,,,
pampering,1 ,,,
pared,1 ,,,
parisian,1 ,,,
pastel,1 ,,,
patchouli,1 ,,,
paws,1 ,,,
pd,1 ,,,
peaceful,1 ,,,
pear,1 ,,,
pearl,1 ,,,
person,1 ,,,
personalized,1 ,,,
petal,1 ,,,
petsvovo,1 ,,,
pf,1 ,,,
phillips,1 ,,,
pie,1 ,,,
pieces,1 ,,,
pillow,1 ,,,
pine,1 ,,,
pinterest,1 ,,,
pioneer,1 ,,,
placemats,1 ,,,
plants,1 ,,,
plaster,1 ,,,
plug-in,1 ,,,
pluggable,1 ,,,
pole,1 ,,,
pollyanna,1 ,,,
ponnyc,1 ,,,
poodle,1 ,,,
pooja,1 ,,,
porch,1 ,,,
portavelas,1 ,,,
postpartum,1 ,,,
ppzhavg,1 ,,,
prank,1 ,,,
prayer,1 ,,,
prejudice,1 ,,,
press,1 ,,,
preteen,1 ,,,
pride,1 ,,,
prime,1 ,,,
princess,1 ,,,
principal,1 ,,,
print,1 ,,,
priville,1 ,,,
pro,1 ,,,
product,1 ,,,
professional,1 ,,,
professionals,1 ,,,
promihills,1 ,,,
proposal,1 ,,,
provincial,1 ,,,
punk,1 ,,,
puresilks,1 ,,,
purse,1 ,,,
qinjiejie,1 ,,,
qomen,1 ,,,
quilter,1 ,,,
quntis,1 ,,,
raindrop,1 ,,,
ramadan,1 ,,,
realses,1 ,,,
recycled,1 ,,,
redecorating,1 ,,,
reealses,1 ,,,
reese,1 ,,,
regency,1 ,,,
reidea,1 ,,,
related,1 ,,,
relatives,1 ,,,
relax,1 ,,,
relief,1 ,,,
renaissance,1 ,,,
renter,1 ,,,
replacement,1 ,,,
replica,1 ,,,
resin,1 ,,,
retired,1 ,,,
retirement,1 ,,,
return,1 ,,,
review,1 ,,,
ribbed,1 ,,,
rice,1 ,,,
right,1 ,,,
riser,1 ,,,
risers,1 ,,,
rococo,1 ,,,
romance,1 ,,,
rooms,1 ,,,
rope,1 ,,,
ror,1 ,,,
roses,1 ,,,
round,1 ,,,
rozato,1 ,,,
rubbed,1 ,,,
runners,1 ,,,
rv,1 ,,,
s,1 ,,,
safe,1 ,,,
safety,1 ,,,
sanctuary,1 ,,,
sand,1 ,,,
santal,1 ,,,
saturday,1 ,,,
sawplan,1 ,,,
scenterpiece,1 ,,,
scones,1 ,,,
sculpture,1 ,,,
sculptures,1 ,,,
sea,1 ,,,
seaside,1 ,,,
season,1 ,,,
seen,1 ,,,
selenite,1 ,,,
selfcare,1 ,,,
seller,1 ,,,
sellerspacekeywordposition,1 ,,,
senior,1 ,,,
seniors,1 ,,,
setting,1 ,,,
setup,1 ,,,
sews,1 ,,,
shabbat,1 ,,,
shack,1 ,,,
shelves,1 ,,,
shop,1 ,,,
show,1 ,,,
shutoff,1 ,,,
siater,1 ,,,
sibling,1 ,,,
sidekick,1 ,,,
sidter,1 ,,,
sil,1 ,,,
silicone,1 ,,,
simmer,1 ,,,
simple,1 ,,,
singers,1 ,,,
single,1 ,,,
sistee,1 ,,,
sistet,1 ,,,
sistwr,1 ,,,
site,1 ,,,
skull,1 ,,,
skylar,1 ,,,
sleeping,1 ,,,
smiski,1 ,,,
smoke,1 ,,,
smoking,1 ,,,
snail,1 ,,,
snowfall,1 ,,,
snowman,1 ,,,
snuffer,1 ,,,
snugger,1 ,,,
snuggers,1 ,,,
soft,1 ,,,
sokcvea,1 ,,,
solid,1 ,,,
something,1 ,,,
son,1 ,,,
son's,1 ,,,
soot,1 ,,,
soothing,1 ,,,
soster,1 ,,,
southern,1 ,,,
souvenirs,1 ,,,
soy,1 ,,,
spare,1 ,,,
spclsim,1 ,,,
speaker,1 ,,,
speed,1 ,,,
spinner,1 ,,,
spiral,1 ,,,
spiritual,1 ,,,
splendid,1 ,,,
spooky,1 ,,,
spotify,1 ,,,
spray,1 ,,,
spring,1 ,,,
square,1 ,,,
squishy,1 ,,,
staff,1 ,,,
stainless,1 ,,,
standing,1 ,,,
starkey,1 ,,,
starlit,1 ,,,
starter,1 ,,,
statue,1 ,,,
steam,1 ,,,
steel,1 ,,,
steelers,1 ,,,
stepmom,1 ,,,
stepmother,1 ,,,
stern,1 ,,,
stirring,1 ,,,
stocking,1 ,,,
stop,1 ,,,
stoplight,1 ,,,
storage,1 ,,,
store,1 ,,,
storefront,1 ,,,
stowax,1 ,,,
stripe,1 ,,,
students,1 ,,,
studios,1 ,,,
stuffer,1 ,,,
styles,1 ,,,
sublimation,1 ,,,
sublime,1 ,,,
suction,1 ,,,
sundet,1 ,,,
"sunflower,",1 ,,,
sunlight,1 ,,,
sunset,1 ,,,
surgery,1 ,,,
surprise,1 ,,,
suster,1 ,,,
swan,1 ,,,
swap:,1 ,,,
sweetest,1 ,,,
sweets,1 ,,,
swift,1 ,,,
swifties,1 ,,,
switch,1 ,,,
t-sun,1 ,,,
tablecloth,1 ,,,
tabletop,1 ,,,
tailgate,1 ,,,
target,1 ,,,
tassel,1 ,,,
tassle,1 ,,,
teacup,1 ,,,
teapot,1 ,,,
tears,1 ,,,
teenager,1 ,,,
telephone,1 ,,,
temperature,1 ,,,
temple,1 ,,,
textiles,1 ,,,
thann,1 ,,,
them,1 ,,,
theme,1 ,,,
therapists,1 ,,,
therapy,1 ,,,
thick,1 ,,,
thin,1 ,,,
those,1 ,,,
three,1 ,,,
threshold,1 ,,,
tht,1 ,,,
tiktok,1 ,,,
timercandle,1 ,,,
tiny,1 ,,,
tired,1 ,,,
tivleed,1 ,,,
tofuntoy,1 ,,,
tomas,1 ,,,
tomato,1 ,,,
tomler,1 ,,,
too,1 ,,,
tool,1 ,,,
toom,1 ,,,
tooth,1 ,,,
totoro,1 ,,,
touchdown,1 ,,,
tower,1 ,,,
toy,1 ,,,
trader,1 ,,,
traders,1 ,,,
travel,1 ,,,
trays,1 ,,,
trend,1 ,,,
trimmer,1 ,,,
trinida,1 ,,,
trinkets,1 ,,,
trtyldt,1 ,,,
tulips,1 ,,,
turkey,1 ,,,
turkish,1 ,,,
turning,1 ,,,
turquoise,1 ,,,
turtle,1 ,,,
tv,1 ,,,
twine,1 ,,,
twinkle,1 ,,,
two,1 ,,,
two-in-one,1 ,,,
tyler,1 ,,,
tzlw,1 ,,,
uber,1 ,,,
uflatek,1 ,,,
ukontagood,1 ,,,
underwater,1 ,,,
uniqooo,1 ,,,
unique.,1 ,,,
uniquelighting,1 ,,,
unlimited,1 ,,,
unusual,1 ,,,
u√±as,1 ,,,
valentina,1 ,,,
vanranger,1 ,,,
vases,1 ,,,
vegetales,1 ,,,
veli,1 ,,,
vertical,1 ,,,
vespera,1 ,,,
vibes,1 ,,,
vinatge,1 ,,,
vintag,1 ,,,
viromy,1 ,,,
vitage,1 ,,,
viyelioc,1 ,,,
vktoma,1 ,,,
votives,1 ,,,
w...,1 ,,,
wac,1 ,,,
wacto,1 ,,,
waemer,1 ,,,
wahomere,1 ,,,
wallart,1 ,,,
walnut,1 ,,,
wammer,1 ,,,
wanidea,1 ,,,
wanted,1 ,,,
waremr,1 ,,,
warm\,1 ,,,
warmed,1 ,,,
warmerlamp,1 ,,,
warmers‚Äô,1 ,,,
warmersÔøº,1 ,,,
warmet,1 ,,,
warmgifts,1 ,,,
warminglamp,1 ,,,
warmmer,1 ,,,
warmwe,1 ,,,
wavy,1 ,,,
waxlamp,1 ,,,
way,1 ,,,
ways,1 ,,,
weiner,1 ,,,
weird,1 ,,,
welcoming,1 ,,,
wemon,1 ,,,
wen,1 ,,,
whimisical,1 ,,,
whimsy,1 ,,,
whimsygoth,1 ,,,
whole,1 ,,,
wholier,1 ,,,
wicker,1 ,,,
wilson,1 ,,,
wimen,1 ,,,
wish,1 ,,,
wismigoth,1 ,,,
wives,1 ,,,
woemn,1 ,,,
wohnendd,1 ,,,
woken,1 ,,,
womeb,1 ,,,
womem,1 ,,,
womrn,1 ,,,
womwn,1 ,,,
wonderland,1 ,,,
wonyoungism,1 ,,,
woodland,1 ,,,
woodwick,1 ,,,
wooj,1 ,,,
workers,1 ,,,
world,1 ,,,
worlds,1 ,,,
wormer,1 ,,,
wram,1 ,,,
wreath,1 ,,,
wsrmer,1 ,,,
wueaoa,1 ,,,
xmcosyisacozycolorfuldurableandaffordablewaytokeepyourdecorlightup,1 ,,,
year's,1 ,,,
yellow,1 ,,,
yeuslor,1 ,,,
yoga,1 ,,,
yohonk,1 ,,,
yueliang,1 ,,,
zenexcel,1 ,,,
zffio,1 ,,,
zxmean,1 ,,,
‚Äì,1 ,,,
Âè∞ÁÅØ,1 ,,,
ÂÆ∂Â±Ö,1 ,,,
ÂÆ∂Â±ÖË£ÖÈ•∞,1 ,,,
ÊÉÖ‰∫∫ËäÇ,1 ,,,
ÁÜîËú°ÁÅØ,1 ,,,
Á¥´Ëâ≤Ëä±Áì∂,1 ,,,
Ëú°ÁÉõ,1 ,,,
Ëú°ÁÉõÂêäÁÅØ,1 ,,,
Ëú°ÁÉõÁÅØ,1 ,,,
ËûçËú°ÁÅØ,1 ,,,
È¶ñÈ•∞,1 ,,,
È¶ôËñ∞ÁÅØ,1 ,,,
ùïîùïíùïüùïïùïùùïñ,1 ,,,
ùïùùïíùïûùï°,1 ,,,
ùï®ùïíùï£ùïûùïñùï£,1 ,,,
,1 ,,,
ÔΩáÔΩâÔΩÜÔΩî,1 ,,,
Ôøº,1 ,,,